timestamp,open,high,low,close,volume
20260727 17:15:00 US/Eastern,1.13734,1.137465,1.13714,1.137335,0
20260727 17:20:00 US/Eastern,1.137335,1.137375,1.13726,1.137315,0
20260727 17:25:00 US/Eastern,1.137315,1.13737,1.137315,1.137365,0
20260727 17:30:00 US/Eastern,1.137365,1.13738,1.13721,1.13734,0
20260727 17:35:00 US/Eastern,1.13734,1.13746,1.137265,1.137305,0
20260727 17:40:00 US/Eastern,1.137305,1.137375,1.13719,1.13725,0
20260727 17:45:00 US/Eastern,1.13725,1.137285,1.13722,1.137225,0
20260727 17:50:00 US/Eastern,1.137225,1.13731,1.13721,1.137275,0
20260727 17:55:00 US/Eastern,1.137275,1.13736,1.13721,1.13732,0
20260727 18:00:00 US/Eastern,1.13732,1.137335,1.136985,1.1371,0
20260727 18:05:00 US/Eastern,1.1371,1.137205,1.13704,1.137045,0
20260727 18:10:00 US/Eastern,1.137045,1.13705,1.136895,1.137,0
20260727 18:15:00 US/Eastern,1.137,1.13713,1.136995,1.1371,0
20260727 18:20:00 US/Eastern,1.1371,1.137105,1.136935,1.136945,0
20260727 18:25:00 US/Eastern,1.136945,1.136975,1.13694,1.13695,0
20260727 18:30:00 US/Eastern,1.13695,1.136975,1.136935,1.13697,0
20260727 18:35:00 US/Eastern,1.13697,1.137055,1.13697,1.13701,0
20260727 18:40:00 US/Eastern,1.13701,1.13701,1.136945,1.13695,0
20260727 18:45:00 US/Eastern,1.13695,1.136965,1.13693,1.13695,0
20260727 18:50:00 US/Eastern,1.13695,1.136955,1.136935,1.136945,0
20260727 18:55:00 US/Eastern,1.136945,1.13695,1.1369,1.136945,0
20260727 19:00:00 US/Eastern,1.136945,1.136955,1.13684,1.136945,0
20260727 19:05:00 US/Eastern,1.136945,1.137055,1.136945,1.137045,0
20260727 19:10:00 US/Eastern,1.137045,1.13705,1.136975,1.136995,0
20260727 19:15:00 US/Eastern,1.136995,1.137045,1.13698,1.13703,0
20260727 19:20:00 US/Eastern,1.13703,1.137035,1.136975,1.136995,0
20260727 19:25:00 US/Eastern,1.136995,1.137045,1.13699,1.137045,0
20260727 19:30:00 US/Eastern,1.137045,1.137045,1.136945,1.136985,0
20260727 19:35:00 US/Eastern,1.136985,1.136985,1.136885,1.13691,0
20260727 19:40:00 US/Eastern,1.13691,1.137,1.136905,1.136975,0
20260727 19:45:00 US/Eastern,1.136975,1.13702,1.136785,1.13682,0
20260727 19:50:00 US/Eastern,1.13682,1.13689,1.13679,1.1368,0
20260727 19:55:00 US/Eastern,1.1368,1.13695,1.13679,1.136935,0
20260727 20:00:00 US/Eastern,1.136935,1.136945,1.13674,1.13674,0
20260727 20:05:00 US/Eastern,1.13674,1.136905,1.13668,1.136895,0
20260727 20:10:00 US/Eastern,1.136895,1.136905,1.13684,1.136845,0
20260727 20:15:00 US/Eastern,1.136845,1.137055,1.136795,1.13704,0
20260727 20:20:00 US/Eastern,1.13704,1.137145,1.13704,1.13711,0
20260727 20:25:00 US/Eastern,1.13711,1.137295,1.13711,1.13722,0
20260727 20:30:00 US/Eastern,1.13722,1.137335,1.13718,1.13724,0
20260727 20:35:00 US/Eastern,1.13724,1.137375,1.137195,1.137325,0
20260727 20:40:00 US/Eastern,1.137325,1.13733,1.13717,1.13724,0
20260727 20:45:00 US/Eastern,1.13724,1.13731,1.137175,1.137255,0
20260727 20:50:00 US/Eastern,1.137255,1.137265,1.137025,1.137055,0
20260727 20:55:00 US/Eastern,1.137055,1.13746,1.137005,1.137435,0
20260727 21:00:00 US/Eastern,1.137435,1.137735,1.13742,1.13754,0
20260727 21:05:00 US/Eastern,1.13754,1.13772,1.13754,1.13771,0
20260727 21:10:00 US/Eastern,1.13771,1.137715,1.137495,1.137535,0
20260727 21:15:00 US/Eastern,1.137535,1.137535,1.137375,1.13747,0
20260727 21:20:00 US/Eastern,1.13747,1.137575,1.137465,1.137535,0
20260727 21:25:00 US/Eastern,1.137535,1.13757,1.137445,1.13753,0
20260727 21:30:00 US/Eastern,1.13753,1.13759,1.137465,1.13751,0
20260727 21:35:00 US/Eastern,1.13751,1.137565,1.137445,1.137465,0
20260727 21:40:00 US/Eastern,1.137465,1.137495,1.137305,1.13734,0
20260727 21:45:00 US/Eastern,1.13734,1.13742,1.137235,1.137245,0
20260727 21:50:00 US/Eastern,1.137245,1.137285,1.13706,1.137215,0
20260727 21:55:00 US/Eastern,1.137215,1.137335,1.137215,1.137325,0
20260727 22:00:00 US/Eastern,1.137325,1.137345,1.137205,1.137265,0
20260727 22:05:00 US/Eastern,1.137265,1.137475,1.137265,1.137445,0
20260727 22:10:00 US/Eastern,1.137445,1.13748,1.137355,1.13742,0
20260727 22:15:00 US/Eastern,1.13742,1.137435,1.13734,1.13743,0
20260727 22:20:00 US/Eastern,1.13743,1.137535,1.13738,1.137455,0
20260727 22:25:00 US/Eastern,1.137455,1.137455,1.137185,1.137185,0
20260727 22:30:00 US/Eastern,1.137185,1.137285,1.137125,1.13718,0
20260727 22:35:00 US/Eastern,1.13718,1.13724,1.13716,1.13721,0
20260727 22:40:00 US/Eastern,1.13721,1.137325,1.137185,1.137325,0
20260727 22:45:00 US/Eastern,1.137325,1.137475,1.13727,1.13746,0
20260727 22:50:00 US/Eastern,1.13746,1.137875,1.13746,1.13784,0
20260727 22:55:00 US/Eastern,1.13784,1.137875,1.137705,1.13772,0
20260727 23:00:00 US/Eastern,1.13772,1.137785,1.137655,1.137715,0
20260727 23:05:00 US/Eastern,1.137715,1.137755,1.137595,1.13763,0
20260727 23:10:00 US/Eastern,1.13763,1.13763,1.137495,1.137565,0
20260727 23:15:00 US/Eastern,1.137565,1.137745,1.137535,1.13769,0
20260727 23:20:00 US/Eastern,1.13769,1.13779,1.137665,1.137785,0
20260727 23:25:00 US/Eastern,1.137785,1.137805,1.137745,1.13777,0
20260727 23:30:00 US/Eastern,1.13777,1.138035,1.13777,1.137995,0
20260727 23:35:00 US/Eastern,1.137995,1.137995,1.137635,1.137715,0
20260727 23:40:00 US/Eastern,1.137715,1.137735,1.137565,1.13762,0
20260727 23:45:00 US/Eastern,1.13762,1.13762,1.13751,1.13753,0
20260727 23:50:00 US/Eastern,1.13753,1.137545,1.137435,1.1375,0
20260727 23:55:00 US/Eastern,1.1375,1.1375,1.13739,1.13746,0
20260728 00:00:00 US/Eastern,1.13746,1.137465,1.13711,1.13719,0
20260728 00:05:00 US/Eastern,1.13719,1.137245,1.137125,1.13718,0
20260728 00:10:00 US/Eastern,1.13718,1.137235,1.13707,1.137075,0
20260728 00:15:00 US/Eastern,1.137075,1.13721,1.13701,1.137185,0
20260728 00:20:00 US/Eastern,1.137185,1.137185,1.137035,1.137085,0
20260728 00:25:00 US/Eastern,1.137085,1.13709,1.136975,1.137085,0
20260728 00:30:00 US/Eastern,1.137085,1.13712,1.137005,1.137095,0
20260728 00:35:00 US/Eastern,1.137095,1.13712,1.13699,1.13703,0
20260728 00:40:00 US/Eastern,1.13703,1.1371,1.137015,1.1371,0
20260728 00:45:00 US/Eastern,1.1371,1.137155,1.137025,1.13704,0
20260728 00:50:00 US/Eastern,1.13704,1.137085,1.13683,1.13684,0
20260728 00:55:00 US/Eastern,1.13684,1.136895,1.136805,1.13687,0
20260728 01:00:00 US/Eastern,1.13687,1.13689,1.13672,1.136805,0
20260728 01:05:00 US/Eastern,1.136805,1.136805,1.13636,1.13641,0
20260728 01:10:00 US/Eastern,1.13641,1.13641,1.13619,1.13623,0
20260728 01:15:00 US/Eastern,1.13623,1.136335,1.13619,1.13627,0
20260728 01:20:00 US/Eastern,1.13627,1.13634,1.13619,1.136235,0
20260728 01:25:00 US/Eastern,1.136235,1.136525,1.13623,1.136525,0
20260728 01:30:00 US/Eastern,1.136525,1.13663,1.136485,1.136485,0
20260728 01:35:00 US/Eastern,1.136485,1.136545,1.136315,1.136415,0
20260728 01:40:00 US/Eastern,1.136415,1.136645,1.136315,1.13655,0
20260728 01:45:00 US/Eastern,1.13655,1.136595,1.136415,1.136425,0
20260728 01:50:00 US/Eastern,1.136425,1.13654,1.136415,1.1365,0
20260728 01:55:00 US/Eastern,1.1365,1.13665,1.13648,1.136595,0
20260728 02:00:00 US/Eastern,1.136595,1.1368,1.136535,1.13668,0
20260728 02:05:00 US/Eastern,1.13668,1.136705,1.13649,1.1366,0
20260728 02:10:00 US/Eastern,1.1366,1.136795,1.136555,1.13669,0
20260728 02:15:00 US/Eastern,1.13669,1.13683,1.136685,1.136735,0
20260728 02:20:00 US/Eastern,1.136735,1.136905,1.136675,1.136895,0
20260728 02:25:00 US/Eastern,1.136895,1.137115,1.13685,1.137085,0
20260728 02:30:00 US/Eastern,1.137085,1.1373,1.137035,1.13707,0
20260728 02:35:00 US/Eastern,1.13707,1.13713,1.136985,1.137045,0
20260728 02:40:00 US/Eastern,1.137045,1.137155,1.136895,1.13698,0
20260728 02:45:00 US/Eastern,1.13698,1.13699,1.136805,1.136825,0
20260728 02:50:00 US/Eastern,1.136825,1.13716,1.136825,1.137145,0
20260728 02:55:00 US/Eastern,1.137145,1.13716,1.13674,1.13687,0
20260728 03:00:00 US/Eastern,1.13687,1.13694,1.136705,1.136795,0
20260728 03:05:00 US/Eastern,1.136795,1.137255,1.136705,1.13719,0
20260728 03:10:00 US/Eastern,1.13719,1.137355,1.137095,1.137315,0
20260728 03:15:00 US/Eastern,1.137315,1.137355,1.137175,1.137185,0
20260728 03:20:00 US/Eastern,1.137185,1.137285,1.136995,1.137,0
20260728 03:25:00 US/Eastern,1.137,1.137155,1.136935,1.13699,0
20260728 03:30:00 US/Eastern,1.13699,1.137095,1.136965,1.137055,0
20260728 03:35:00 US/Eastern,1.137055,1.137205,1.136965,1.137085,0
20260728 03:40:00 US/Eastern,1.137085,1.137135,1.13685,1.136915,0
20260728 03:45:00 US/Eastern,1.136915,1.136915,1.13663,1.136665,0
20260728 03:50:00 US/Eastern,1.136665,1.136665,1.136325,1.136505,0
20260728 03:55:00 US/Eastern,1.136505,1.136645,1.136455,1.136485,0
20260728 04:00:00 US/Eastern,1.136485,1.136845,1.136475,1.136805,0
20260728 04:05:00 US/Eastern,1.136805,1.137035,1.136755,1.136945,0
20260728 04:10:00 US/Eastern,1.136945,1.136965,1.136655,1.136805,0
20260728 04:15:00 US/Eastern,1.136805,1.137085,1.136805,1.136935,0
20260728 04:20:00 US/Eastern,1.136935,1.13724,1.136935,1.137145,0
20260728 04:25:00 US/Eastern,1.137145,1.137145,1.13681,1.137005,0
20260728 04:30:00 US/Eastern,1.137005,1.137045,1.136825,1.136955,0
20260728 04:35:00 US/Eastern,1.136955,1.137155,1.136945,1.137005,0
20260728 04:40:00 US/Eastern,1.137005,1.137135,1.13694,1.137125,0
20260728 04:45:00 US/Eastern,1.137125,1.137255,1.137025,1.137235,0
20260728 04:50:00 US/Eastern,1.137235,1.137275,1.13706,1.137115,0
20260728 04:55:00 US/Eastern,1.137115,1.137265,1.137095,1.13725,0
20260728 05:00:00 US/Eastern,1.13725,1.137315,1.13712,1.137145,0
20260728 05:05:00 US/Eastern,1.137145,1.137185,1.136775,1.136855,0
20260728 05:10:00 US/Eastern,1.136855,1.136855,1.136635,1.136695,0
20260728 05:15:00 US/Eastern,1.136695,1.136805,1.136695,1.136745,0
20260728 05:20:00 US/Eastern,1.136745,1.136805,1.13663,1.136695,0
20260728 05:25:00 US/Eastern,1.136695,1.13672,1.136585,1.13659,0
20260728 05:30:00 US/Eastern,1.13659,1.13659,1.136355,1.136455,0
20260728 05:35:00 US/Eastern,1.136455,1.136495,1.13636,1.13645,0
20260728 05:40:00 US/Eastern,1.13645,1.136515,1.136235,1.136245,0
20260728 05:45:00 US/Eastern,1.136245,1.136265,1.13602,1.13611,0
20260728 05:50:00 US/Eastern,1.13611,1.136135,1.135825,1.13593,0
20260728 05:55:00 US/Eastern,1.13593,1.135955,1.135605,1.13564,0
20260728 06:00:00 US/Eastern,1.13564,1.13568,1.135535,1.135595,0
20260728 06:05:00 US/Eastern,1.135595,1.1356,1.135425,1.135425,0
20260728 06:10:00 US/Eastern,1.135425,1.13575,1.135335,1.13567,0
20260728 06:15:00 US/Eastern,1.13567,1.1357,1.13548,1.135545,0
20260728 06:20:00 US/Eastern,1.135545,1.13575,1.13548,1.13571,0
20260728 06:25:00 US/Eastern,1.13571,1.135765,1.135645,1.135645,0
20260728 06:30:00 US/Eastern,1.135645,1.136015,1.135615,1.13601,0
20260728 06:35:00 US/Eastern,1.13601,1.136115,1.135785,1.136085,0
20260728 06:40:00 US/Eastern,1.136085,1.136105,1.135735,1.135735,0
20260728 06:45:00 US/Eastern,1.135735,1.135975,1.135735,1.135885,0
20260728 06:50:00 US/Eastern,1.135885,1.136205,1.135865,1.136195,0
20260728 06:55:00 US/Eastern,1.136195,1.136315,1.136035,1.136075,0
20260728 07:00:00 US/Eastern,1.136075,1.136125,1.135905,1.135965,0
20260728 07:05:00 US/Eastern,1.135965,1.136025,1.135725,1.13575,0
20260728 07:10:00 US/Eastern,1.13575,1.135905,1.135665,1.135845,0
20260728 07:15:00 US/Eastern,1.135845,1.136255,1.135845,1.136195,0
20260728 07:20:00 US/Eastern,1.136195,1.13645,1.136175,1.136435,0
20260728 07:25:00 US/Eastern,1.136435,1.136595,1.136355,1.136545,0
20260728 07:30:00 US/Eastern,1.136545,1.136545,1.136335,1.136405,0
20260728 07:35:00 US/Eastern,1.136405,1.136675,1.136395,1.136615,0
20260728 07:40:00 US/Eastern,1.136615,1.136655,1.136335,1.136355,0
20260728 07:45:00 US/Eastern,1.136355,1.136425,1.136185,1.13619,0
20260728 07:50:00 US/Eastern,1.13619,1.136495,1.13611,1.136425,0
20260728 07:55:00 US/Eastern,1.136425,1.1368,1.136395,1.136535,0
20260728 08:00:00 US/Eastern,1.136535,1.136615,1.136175,1.13637,0
20260728 08:05:00 US/Eastern,1.13637,1.136755,1.13637,1.136685,0
20260728 08:10:00 US/Eastern,1.136685,1.136685,1.136385,1.136535,0
20260728 08:15:00 US/Eastern,1.136535,1.13664,1.136435,1.136515,0
20260728 08:20:00 US/Eastern,1.136515,1.13659,1.13636,1.13637,0
20260728 08:25:00 US/Eastern,1.13637,1.136395,1.136235,1.136275,0
20260728 08:30:00 US/Eastern,1.136275,1.136325,1.136085,1.136265,0
20260728 08:35:00 US/Eastern,1.136265,1.136415,1.136155,1.136295,0
20260728 08:40:00 US/Eastern,1.136295,1.136525,1.136195,1.13646,0
20260728 08:45:00 US/Eastern,1.13646,1.136735,1.136455,1.136735,0
20260728 08:50:00 US/Eastern,1.136735,1.136855,1.136495,1.136545,0
20260728 08:55:00 US/Eastern,1.136545,1.13674,1.136545,1.136585,0
20260728 09:00:00 US/Eastern,1.136585,1.136895,1.136585,1.136785,0
20260728 09:05:00 US/Eastern,1.136785,1.13698,1.136745,1.136955,0
20260728 09:10:00 US/Eastern,1.136955,1.137065,1.13668,1.136695,0
20260728 09:15:00 US/Eastern,1.136695,1.136865,1.136635,1.136845,0
20260728 09:20:00 US/Eastern,1.136845,1.137085,1.136785,1.136845,0
20260728 09:25:00 US/Eastern,1.136845,1.136865,1.1367,1.136745,0
20260728 09:30:00 US/Eastern,1.136745,1.137045,1.13672,1.136935,0
20260728 09:35:00 US/Eastern,1.136935,1.137045,1.136745,1.136855,0
20260728 09:40:00 US/Eastern,1.136855,1.137085,1.136835,1.136935,0
20260728 09:45:00 US/Eastern,1.136935,1.137405,1.136805,1.137315,0
20260728 09:50:00 US/Eastern,1.137315,1.137395,1.13715,1.137285,0
20260728 09:55:00 US/Eastern,1.137285,1.137285,1.137025,1.137245,0
20260728 10:00:00 US/Eastern,1.137245,1.137445,1.137105,1.13742,0
20260728 10:05:00 US/Eastern,1.13742,1.137555,1.137175,1.137465,0
20260728 10:10:00 US/Eastern,1.137465,1.13759,1.137325,1.137385,0
20260728 10:15:00 US/Eastern,1.137385,1.13739,1.13715,1.137225,0
20260728 10:20:00 US/Eastern,1.137225,1.137485,1.137225,1.137455,0
20260728 10:25:00 US/Eastern,1.137455,1.137825,1.137435,1.137805,0
20260728 10:30:00 US/Eastern,1.137805,1.137905,1.137685,1.137705,0
20260728 10:35:00 US/Eastern,1.137705,1.13778,1.137585,1.137715,0
20260728 10:40:00 US/Eastern,1.137715,1.137985,1.137705,1.137895,0
20260728 10:45:00 US/Eastern,1.137895,1.137895,1.137615,1.137765,0
20260728 10:50:00 US/Eastern,1.137765,1.13833,1.137725,1.138295,0
20260728 10:55:00 US/Eastern,1.138295,1.13865,1.13827,1.138585,0
20260728 11:00:00 US/Eastern,1.138585,1.13874,1.138415,1.138445,0
20260728 11:05:00 US/Eastern,1.138445,1.13882,1.138405,1.138735,0
20260728 11:10:00 US/Eastern,1.138735,1.13961,1.138685,1.13944,0
20260728 11:15:00 US/Eastern,1.13944,1.139595,1.139265,1.139595,0
20260728 11:20:00 US/Eastern,1.139595,1.139935,1.139485,1.139495,0
20260728 11:25:00 US/Eastern,1.139495,1.13983,1.13942,1.13961,0
20260728 11:30:00 US/Eastern,1.13961,1.139835,1.139425,1.1397,0
20260728 11:35:00 US/Eastern,1.1397,1.139845,1.139505,1.13961,0
20260728 11:40:00 US/Eastern,1.13961,1.140215,1.139585,1.140155,0
20260728 11:45:00 US/Eastern,1.140155,1.140155,1.13988,1.139925,0
20260728 11:50:00 US/Eastern,1.139925,1.140025,1.139645,1.139945,0
20260728 11:55:00 US/Eastern,1.139945,1.140075,1.139855,1.14005,0
20260728 12:00:00 US/Eastern,1.14005,1.140255,1.140005,1.140085,0
20260728 12:05:00 US/Eastern,1.140085,1.140195,1.13987,1.140185,0
20260728 12:10:00 US/Eastern,1.140185,1.140335,1.140015,1.140245,0
20260728 12:15:00 US/Eastern,1.140245,1.140415,1.14023,1.140345,0
20260728 12:20:00 US/Eastern,1.140345,1.140425,1.140155,1.140355,0
20260728 12:25:00 US/Eastern,1.140355,1.14053,1.140345,1.140495,0
20260728 12:30:00 US/Eastern,1.140495,1.140515,1.14023,1.140425,0
20260728 12:35:00 US/Eastern,1.140425,1.140455,1.140205,1.140225,0
20260728 12:40:00 US/Eastern,1.140225,1.140225,1.140025,1.140035,0
20260728 12:45:00 US/Eastern,1.140035,1.140095,1.139725,1.139725,0
20260728 12:50:00 US/Eastern,1.139725,1.13988,1.139725,1.139805,0
20260728 12:55:00 US/Eastern,1.139805,1.139835,1.139585,1.139605,0
20260728 13:00:00 US/Eastern,1.139605,1.13974,1.139555,1.13968,0
20260728 13:05:00 US/Eastern,1.13968,1.13975,1.139515,1.139525,0
20260728 13:10:00 US/Eastern,1.139525,1.13953,1.139355,1.139415,0
20260728 13:15:00 US/Eastern,1.139415,1.13952,1.139375,1.139435,0
20260728 13:20:00 US/Eastern,1.139435,1.1398,1.139325,1.139325,0
20260728 13:25:00 US/Eastern,1.139325,1.139435,1.139295,1.139315,0
20260728 13:30:00 US/Eastern,1.139315,1.139415,1.139245,1.139395,0
20260728 13:35:00 US/Eastern,1.139395,1.139405,1.139235,1.139355,0
20260728 13:40:00 US/Eastern,1.139355,1.13936,1.139175,1.139205,0
20260728 13:45:00 US/Eastern,1.139205,1.139265,1.139065,1.139135,0
20260728 13:50:00 US/Eastern,1.139135,1.139135,1.139005,1.139085,0
20260728 13:55:00 US/Eastern,1.139085,1.139125,1.13883,1.13892,0
20260728 14:00:00 US/Eastern,1.13892,1.139085,1.138875,1.138915,0
20260728 14:05:00 US/Eastern,1.138915,1.139,1.138855,1.138975,0
20260728 14:10:00 US/Eastern,1.138975,1.13901,1.138795,1.138935,0
20260728 14:15:00 US/Eastern,1.138935,1.139155,1.138935,1.139085,0
20260728 14:20:00 US/Eastern,1.139085,1.13909,1.138895,1.138895,0
20260728 14:25:00 US/Eastern,1.138895,1.138895,1.138725,1.138785,0
20260728 14:30:00 US/Eastern,1.138785,1.138865,1.138775,1.138775,0
20260728 14:35:00 US/Eastern,1.138775,1.138915,1.138775,1.138835,0
20260728 14:40:00 US/Eastern,1.138835,1.138895,1.138805,1.13883,0
20260728 14:45:00 US/Eastern,1.13883,1.13884,1.138625,1.138695,0
20260728 14:50:00 US/Eastern,1.138695,1.138785,1.138665,1.138685,0
20260728 14:55:00 US/Eastern,1.138685,1.138775,1.13863,1.138675,0
20260728 15:00:00 US/Eastern,1.138675,1.138845,1.138625,1.138825,0
20260728 15:05:00 US/Eastern,1.138825,1.139035,1.138825,1.138945,0
20260728 15:10:00 US/Eastern,1.138945,1.13896,1.138775,1.138825,0
20260728 15:15:00 US/Eastern,1.138825,1.13901,1.138795,1.139005,0
20260728 15:20:00 US/Eastern,1.139005,1.139085,1.138965,1.139,0
20260728 15:25:00 US/Eastern,1.139,1.13905,1.138895,1.13891,0
20260728 15:30:00 US/Eastern,1.13891,1.13906,1.13887,1.139005,0
20260728 15:35:00 US/Eastern,1.139005,1.139015,1.138895,1.138955,0
20260728 15:40:00 US/Eastern,1.138955,1.139015,1.13892,1.139005,0
20260728 15:45:00 US/Eastern,1.139005,1.139195,1.139,1.139145,0
20260728 15:50:00 US/Eastern,1.139145,1.139165,1.139005,1.139115,0
20260728 15:55:00 US/Eastern,1.139115,1.13912,1.138725,1.138735,0
20260728 16:00:00 US/Eastern,1.138735,1.138845,1.138695,1.138765,0
20260728 16:05:00 US/Eastern,1.138765,1.138775,1.138685,1.138765,0
20260728 16:10:00 US/Eastern,1.138765,1.138855,1.138765,1.138845,0
20260728 16:15:00 US/Eastern,1.138845,1.138915,1.13878,1.13878,0
20260728 16:20:00 US/Eastern,1.13878,1.1388,1.13871,1.138755,0
20260728 16:25:00 US/Eastern,1.138755,1.138755,1.138555,1.138645,0
20260728 16:30:00 US/Eastern,1.138645,1.138665,1.13856,1.138665,0
20260728 16:35:00 US/Eastern,1.138665,1.13873,1.13856,1.138605,0
20260728 16:40:00 US/Eastern,1.138605,1.13874,1.13856,1.13874,0
20260728 16:45:00 US/Eastern,1.13874,1.13874,1.138665,1.138685,0
20260728 16:50:00 US/Eastern,1.138685,1.138785,1.138655,1.13869,0
20260728 16:55:00 US/Eastern,1.13869,1.138755,1.13859,1.138755,0
20260728 17:15:00 US/Eastern,1.13904,1.139165,1.13902,1.13916,0
20260728 17:20:00 US/Eastern,1.13916,1.1393,1.13913,1.139225,0
20260728 17:25:00 US/Eastern,1.139225,1.13927,1.13914,1.139145,0
20260728 17:30:00 US/Eastern,1.139145,1.13916,1.13911,1.139135,0
20260728 17:35:00 US/Eastern,1.139135,1.139245,1.13913,1.139215,0
20260728 17:40:00 US/Eastern,1.139215,1.139305,1.139205,1.13928,0
20260728 17:45:00 US/Eastern,1.13928,1.13931,1.13912,1.139235,0
20260728 17:50:00 US/Eastern,1.139235,1.139235,1.139145,1.139205,0
20260728 17:55:00 US/Eastern,1.139205,1.139205,1.139035,1.13906,0
20260728 18:00:00 US/Eastern,1.13906,1.139085,1.13892,1.13902,0
20260728 18:05:00 US/Eastern,1.13902,1.13906,1.138965,1.139025,0
20260728 18:10:00 US/Eastern,1.139025,1.139115,1.13878,1.138805,0
20260728 18:15:00 US/Eastern,1.138805,1.138865,1.138645,1.138655,0
20260728 18:20:00 US/Eastern,1.138655,1.138655,1.1384,1.138445,0
20260728 18:25:00 US/Eastern,1.138445,1.138585,1.138415,1.138495,0
20260728 18:30:00 US/Eastern,1.138495,1.13865,1.13849,1.138645,0
20260728 18:35:00 US/Eastern,1.138645,1.138645,1.13847,1.13847,0
20260728 18:40:00 US/Eastern,1.13847,1.13858,1.138465,1.138525,0
20260728 18:45:00 US/Eastern,1.138525,1.138545,1.13844,1.13848,0
20260728 18:50:00 US/Eastern,1.13848,1.138535,1.138435,1.13851,0
20260728 18:55:00 US/Eastern,1.13851,1.138545,1.13848,1.13852,0
20260728 19:00:00 US/Eastern,1.13852,1.138525,1.13831,1.138425,0
20260728 19:05:00 US/Eastern,1.138425,1.138425,1.13822,1.138235,0
20260728 19:10:00 US/Eastern,1.138235,1.138445,1.138225,1.13843,0
20260728 19:15:00 US/Eastern,1.13843,1.13848,1.1384,1.138455,0
20260728 19:20:00 US/Eastern,1.138455,1.138535,1.13838,1.138515,0
20260728 19:25:00 US/Eastern,1.138515,1.138535,1.138435,1.138525,0
20260728 19:30:00 US/Eastern,1.138525,1.138535,1.138455,1.138475,0
20260728 19:35:00 US/Eastern,1.138475,1.138535,1.138475,1.138475,0
20260728 19:40:00 US/Eastern,1.138475,1.13865,1.13847,1.138625,0
20260728 19:45:00 US/Eastern,1.138625,1.138635,1.138405,1.138575,0
20260728 19:50:00 US/Eastern,1.138575,1.13864,1.138535,1.138535,0
20260728 19:55:00 US/Eastern,1.138535,1.138645,1.138525,1.138605,0
20260728 20:00:00 US/Eastern,1.138605,1.138645,1.138335,1.138535,0
20260728 20:05:00 US/Eastern,1.138535,1.138595,1.138385,1.138395,0
20260728 20:10:00 US/Eastern,1.138395,1.138415,1.138295,1.138385,0
20260728 20:15:00 US/Eastern,1.138385,1.138695,1.138365,1.13865,0
20260728 20:20:00 US/Eastern,1.13865,1.13898,1.13865,1.13882,0
20260728 20:25:00 US/Eastern,1.13882,1.13902,1.13882,1.138935,0
20260728 20:30:00 US/Eastern,1.138935,1.139005,1.138865,1.13891,0
20260728 20:35:00 US/Eastern,1.13891,1.13895,1.13882,1.138885,0
20260728 20:40:00 US/Eastern,1.138885,1.13891,1.138805,1.138885,0
20260728 20:45:00 US/Eastern,1.138885,1.138995,1.13875,1.138765,0
20260728 20:50:00 US/Eastern,1.138765,1.138905,1.138705,1.138895,0
20260728 20:55:00 US/Eastern,1.138895,1.13916,1.138785,1.13909,0
20260728 21:00:00 US/Eastern,1.13909,1.139175,1.139005,1.13905,0
20260728 21:05:00 US/Eastern,1.13905,1.13914,1.138895,1.13894,0
20260728 21:10:00 US/Eastern,1.13894,1.13899,1.138825,1.138855,0
20260728 21:15:00 US/Eastern,1.138855,1.13916,1.138785,1.139145,0
20260728 21:20:00 US/Eastern,1.139145,1.13926,1.139145,1.139195,0
20260728 21:25:00 US/Eastern,1.139195,1.139195,1.13901,1.139015,0
20260728 21:30:00 US/Eastern,1.139015,1.139055,1.13863,1.139045,0
20260728 21:35:00 US/Eastern,1.139045,1.13908,1.13857,1.138695,0
20260728 21:40:00 US/Eastern,1.138695,1.138725,1.138535,1.13862,0
20260728 21:45:00 US/Eastern,1.13862,1.138855,1.13857,1.13883,0
20260728 21:50:00 US/Eastern,1.13883,1.139015,1.138805,1.138975,0
20260728 21:55:00 US/Eastern,1.138975,1.13917,1.138975,1.139145,0
20260728 22:00:00 US/Eastern,1.139145,1.139175,1.13903,1.13909,0
20260728 22:05:00 US/Eastern,1.13909,1.139275,1.13908,1.13926,0
20260728 22:10:00 US/Eastern,1.13926,1.139485,1.13926,1.13935,0
20260728 22:15:00 US/Eastern,1.13935,1.13944,1.13926,1.139305,0
20260728 22:20:00 US/Eastern,1.139305,1.139565,1.139305,1.139515,0
20260728 22:25:00 US/Eastern,1.139515,1.139575,1.139325,1.139395,0
20260728 22:30:00 US/Eastern,1.139395,1.139475,1.139355,1.139455,0
20260728 22:35:00 US/Eastern,1.139455,1.1396,1.139435,1.13955,0
20260728 22:40:00 US/Eastern,1.13955,1.139555,1.139415,1.139465,0
20260728 22:45:00 US/Eastern,1.139465,1.139465,1.1393,1.13933,0
20260728 22:50:00 US/Eastern,1.13933,1.13937,1.139245,1.13926,0
20260728 22:55:00 US/Eastern,1.13926,1.139575,1.13926,1.13948,0
20260728 23:00:00 US/Eastern,1.13948,1.139585,1.13944,1.13953,0
20260728 23:05:00 US/Eastern,1.13953,1.139635,1.13951,1.139555,0
20260728 23:10:00 US/Eastern,1.139555,1.139645,1.139515,1.139555,0
20260728 23:15:00 US/Eastern,1.139555,1.13978,1.139555,1.139745,0
20260728 23:20:00 US/Eastern,1.139745,1.139925,1.13972,1.139915,0
20260728 23:25:00 US/Eastern,1.139915,1.13995,1.13984,1.139905,0
20260728 23:30:00 US/Eastern,1.139905,1.140005,1.139865,1.139935,0
20260728 23:35:00 US/Eastern,1.139935,1.14004,1.13988,1.13997,0
20260728 23:40:00 US/Eastern,1.13997,1.139995,1.1399,1.139935,0
20260728 23:45:00 US/Eastern,1.139935,1.14004,1.13993,1.140015,0
20260728 23:50:00 US/Eastern,1.140015,1.140075,1.139875,1.139915,0
20260728 23:55:00 US/Eastern,1.139915,1.139915,1.13963,1.139705,0
20260729 00:00:00 US/Eastern,1.139705,1.13986,1.13963,1.13983,0
20260729 00:05:00 US/Eastern,1.13983,1.139935,1.13979,1.139915,0
20260729 00:10:00 US/Eastern,1.139915,1.140005,1.139825,1.139965,0
20260729 00:15:00 US/Eastern,1.139965,1.140155,1.139965,1.140095,0
20260729 00:20:00 US/Eastern,1.140095,1.14025,1.140055,1.140105,0
20260729 00:25:00 US/Eastern,1.140105,1.140195,1.139865,1.13992,0
20260729 00:30:00 US/Eastern,1.13992,1.1401,1.13984,1.14008,0
20260729 00:35:00 US/Eastern,1.14008,1.14021,1.14006,1.140175,0
20260729 00:40:00 US/Eastern,1.140175,1.140355,1.140175,1.140275,0
20260729 00:45:00 US/Eastern,1.140275,1.140375,1.139925,1.139935,0
20260729 00:50:00 US/Eastern,1.139935,1.140045,1.1399,1.139915,0
20260729 00:55:00 US/Eastern,1.139915,1.140155,1.13991,1.140115,0
20260729 01:00:00 US/Eastern,1.140115,1.140265,1.14006,1.140255,0
20260729 01:05:00 US/Eastern,1.140255,1.1403,1.140225,1.140225,0
20260729 01:10:00 US/Eastern,1.140225,1.140275,1.140195,1.14023,0
20260729 01:15:00 US/Eastern,1.14023,1.140275,1.14016,1.14018,0
20260729 01:20:00 US/Eastern,1.14018,1.1402,1.14009,1.140175,0
20260729 01:25:00 US/Eastern,1.140175,1.140185,1.13996,1.13996,0
20260729 01:30:00 US/Eastern,1.13996,1.13997,1.13976,1.139855,0
20260729 01:35:00 US/Eastern,1.139855,1.13988,1.139795,1.13984,0
20260729 01:40:00 US/Eastern,1.13984,1.14002,1.13983,1.139985,0
20260729 01:45:00 US/Eastern,1.139985,1.14004,1.139935,1.140025,0
20260729 01:50:00 US/Eastern,1.140025,1.14017,1.139935,1.140095,0
20260729 01:55:00 US/Eastern,1.140095,1.140165,1.139775,1.139835,0
20260729 02:00:00 US/Eastern,1.139835,1.14009,1.139825,1.139935,0
20260729 02:05:00 US/Eastern,1.139935,1.13996,1.139625,1.139665,0
20260729 02:10:00 US/Eastern,1.139665,1.13978,1.139525,1.139775,0
20260729 02:15:00 US/Eastern,1.139775,1.139905,1.139525,1.139525,0
20260729 02:20:00 US/Eastern,1.139525,1.139525,1.139405,1.13944,0
20260729 02:25:00 US/Eastern,1.13944,1.139465,1.139315,1.139385,0
20260729 02:30:00 US/Eastern,1.139385,1.1395,1.139295,1.139445,0
20260729 02:35:00 US/Eastern,1.139445,1.139485,1.139315,1.13941,0
20260729 02:40:00 US/Eastern,1.13941,1.139495,1.139335,1.139435,0
20260729 02:45:00 US/Eastern,1.139435,1.13944,1.13901,1.139045,0
20260729 02:50:00 US/Eastern,1.139045,1.139265,1.139045,1.139235,0
20260729 02:55:00 US/Eastern,1.139235,1.13926,1.139,1.139205,0
20260729 03:00:00 US/Eastern,1.139205,1.13949,1.13902,1.139395,0
20260729 03:05:00 US/Eastern,1.139395,1.139635,1.13936,1.13961,0
20260729 03:10:00 US/Eastern,1.13961,1.139665,1.139275,1.139385,0
20260729 03:15:00 US/Eastern,1.139385,1.139615,1.13935,1.139555,0
20260729 03:20:00 US/Eastern,1.139555,1.139705,1.13945,1.139685,0
20260729 03:25:00 US/Eastern,1.139685,1.13971,1.139595,1.1397,0
20260729 03:30:00 US/Eastern,1.1397,1.13977,1.139585,1.139745,0
20260729 03:35:00 US/Eastern,1.139745,1.1401,1.139735,1.140055,0
20260729 03:40:00 US/Eastern,1.140055,1.14006,1.139755,1.139755,0
20260729 03:45:00 US/Eastern,1.139755,1.140015,1.139675,1.140015,0
20260729 03:50:00 US/Eastern,1.140015,1.140105,1.139965,1.139995,0
20260729 03:55:00 US/Eastern,1.139995,1.140005,1.13967,1.139795,0
20260729 04:00:00 US/Eastern,1.139795,1.139895,1.13971,1.139855,0
20260729 04:05:00 US/Eastern,1.139855,1.13997,1.139655,1.139655,0
20260729 04:10:00 US/Eastern,1.139655,1.13986,1.13953,1.13959,0
20260729 04:15:00 US/Eastern,1.13959,1.139795,1.13953,1.13979,0
20260729 04:20:00 US/Eastern,1.13979,1.13979,1.139505,1.139575,0
20260729 04:25:00 US/Eastern,1.139575,1.13961,1.139415,1.139595,0
20260729 04:30:00 US/Eastern,1.139595,1.1396,1.139325,1.139335,0
20260729 04:35:00 US/Eastern,1.139335,1.13953,1.139325,1.139485,0
20260729 04:40:00 US/Eastern,1.139485,1.139795,1.139485,1.13979,0
20260729 04:45:00 US/Eastern,1.13979,1.139995,1.13972,1.13997,0
20260729 04:50:00 US/Eastern,1.13997,1.140055,1.139775,1.139805,0
20260729 04:55:00 US/Eastern,1.139805,1.139845,1.13954,1.139655,0
20260729 05:00:00 US/Eastern,1.139655,1.139655,1.13945,1.139635,0
20260729 05:05:00 US/Eastern,1.139635,1.1397,1.13953,1.139685,0
20260729 05:10:00 US/Eastern,1.139685,1.139705,1.139575,1.13961,0
20260729 05:15:00 US/Eastern,1.13961,1.139645,1.139435,1.139495,0
20260729 05:20:00 US/Eastern,1.139495,1.139555,1.13937,1.13953,0
20260729 05:25:00 US/Eastern,1.13953,1.139565,1.139425,1.139545,0
20260729 05:30:00 US/Eastern,1.139545,1.139635,1.139425,1.139615,0
20260729 05:35:00 US/Eastern,1.139615,1.139615,1.139245,1.13926,0
20260729 05:40:00 US/Eastern,1.13926,1.139495,1.13919,1.139465,0
20260729 05:45:00 US/Eastern,1.139465,1.139635,1.139385,1.139595,0
20260729 05:50:00 US/Eastern,1.139595,1.139615,1.139435,1.139495,0
20260729 05:55:00 US/Eastern,1.139495,1.13958,1.139175,1.13918,0
20260729 06:00:00 US/Eastern,1.13918,1.13927,1.139045,1.139245,0
20260729 06:05:00 US/Eastern,1.139245,1.139295,1.139085,1.13918,0
20260729 06:10:00 US/Eastern,1.13918,1.139195,1.139035,1.139125,0
20260729 06:15:00 US/Eastern,1.139125,1.139145,1.138775,1.13883,0
20260729 06:20:00 US/Eastern,1.13883,1.138935,1.13875,1.138755,0
20260729 06:25:00 US/Eastern,1.138755,1.13907,1.138705,1.139045,0
20260729 06:30:00 US/Eastern,1.139045,1.139215,1.13893,1.138955,0
20260729 06:35:00 US/Eastern,1.138955,1.139045,1.138895,1.13892,0
20260729 06:40:00 US/Eastern,1.13892,1.138935,1.13873,1.13882,0
20260729 06:45:00 US/Eastern,1.13882,1.138825,1.13856,1.138565,0
20260729 06:50:00 US/Eastern,1.138565,1.138575,1.138365,1.138365,0
20260729 06:55:00 US/Eastern,1.138365,1.13855,1.138335,1.138545,0
20260729 07:00:00 US/Eastern,1.138545,1.138795,1.138545,1.138755,0
20260729 07:05:00 US/Eastern,1.138755,1.138765,1.138565,1.138605,0
20260729 07:10:00 US/Eastern,1.138605,1.138825,1.13857,1.138695,0
20260729 07:15:00 US/Eastern,1.138695,1.138845,1.138645,1.138745,0
20260729 07:20:00 US/Eastern,1.138745,1.138745,1.138515,1.13858,0
20260729 07:25:00 US/Eastern,1.13858,1.138735,1.13857,1.138725,0
20260729 07:30:00 US/Eastern,1.138725,1.13881,1.13854,1.138645,0
20260729 07:35:00 US/Eastern,1.138645,1.138675,1.138485,1.138545,0
20260729 07:40:00 US/Eastern,1.138545,1.13856,1.138155,1.13821,0
20260729 07:45:00 US/Eastern,1.13821,1.138445,1.138195,1.138385,0
20260729 07:50:00 US/Eastern,1.138385,1.13847,1.138265,1.13827,0
20260729 07:55:00 US/Eastern,1.13827,1.138345,1.138035,1.13821,0
20260729 08:00:00 US/Eastern,1.13821,1.1383,1.13803,1.138235,0
20260729 08:05:00 US/Eastern,1.138235,1.138245,1.137925,1.137965,0
20260729 08:10:00 US/Eastern,1.137965,1.138035,1.13778,1.137885,0
20260729 08:15:00 US/Eastern,1.137885,1.137905,1.137465,1.13764,0
20260729 08:20:00 US/Eastern,1.13764,1.137985,1.137635,1.13794,0
20260729 08:25:00 US/Eastern,1.13794,1.13795,1.137675,1.13769,0
20260729 08:30:00 US/Eastern,1.13769,1.13785,1.137475,1.137835,0
20260729 08:35:00 US/Eastern,1.137835,1.138005,1.137745,1.137975,0
20260729 08:40:00 US/Eastern,1.137975,1.138035,1.137845,1.137925,0
20260729 08:45:00 US/Eastern,1.137925,1.13803,1.13788,1.137925,0
20260729 08:50:00 US/Eastern,1.137925,1.13803,1.13788,1.137945,0
20260729 08:55:00 US/Eastern,1.137945,1.13798,1.137675,1.137835,0
20260729 09:00:00 US/Eastern,1.137835,1.137995,1.13769,1.137885,0
20260729 09:05:00 US/Eastern,1.137885,1.137945,1.13766,1.137905,0
20260729 09:10:00 US/Eastern,1.137905,1.13802,1.137845,1.138015,0
20260729 09:15:00 US/Eastern,1.138015,1.138295,1.13796,1.138085,0
20260729 09:20:00 US/Eastern,1.138085,1.138565,1.138085,1.138505,0
20260729 09:25:00 US/Eastern,1.138505,1.138705,1.138425,1.138565,0
20260729 09:30:00 US/Eastern,1.138565,1.13872,1.138345,1.138445,0
20260729 09:35:00 US/Eastern,1.138445,1.138695,1.138345,1.138625,0
20260729 09:40:00 US/Eastern,1.138625,1.138765,1.13843,1.138755,0
20260729 09:45:00 US/Eastern,1.138755,1.139125,1.138695,1.139075,0
20260729 09:50:00 US/Eastern,1.139075,1.139235,1.138875,1.139205,0
20260729 09:55:00 US/Eastern,1.139205,1.139225,1.13893,1.139175,0
20260729 10:00:00 US/Eastern,1.139175,1.13935,1.13917,1.139245,0
20260729 10:05:00 US/Eastern,1.139245,1.139295,1.13893,1.138945,0
20260729 10:10:00 US/Eastern,1.138945,1.138965,1.13879,1.138835,0
20260729 10:15:00 US/Eastern,1.138835,1.13909,1.138645,1.139085,0
20260729 10:20:00 US/Eastern,1.139085,1.139235,1.138855,1.139235,0
20260729 10:25:00 US/Eastern,1.139235,1.13946,1.13919,1.13944,0
20260729 10:30:00 US/Eastern,1.13944,1.139645,1.139425,1.139515,0
20260729 10:35:00 US/Eastern,1.139515,1.1397,1.13936,1.13962,0
20260729 10:40:00 US/Eastern,1.13962,1.1397,1.13896,1.139245,0
20260729 10:45:00 US/Eastern,1.139245,1.139295,1.13867,1.138685,0
20260729 10:50:00 US/Eastern,1.138685,1.13881,1.13828,1.138645,0
20260729 10:55:00 US/Eastern,1.138645,1.13876,1.138075,1.138075,0
20260729 11:00:00 US/Eastern,1.138075,1.13839,1.137935,1.13839,0
20260729 11:05:00 US/Eastern,1.13839,1.138515,1.13823,1.138485,0
20260729 11:10:00 US/Eastern,1.138485,1.138565,1.13838,1.13848,0
20260729 11:15:00 US/Eastern,1.13848,1.13856,1.13807,1.138085,0
20260729 11:20:00 US/Eastern,1.138085,1.13816,1.13786,1.13803,0
20260729 11:25:00 US/Eastern,1.13803,1.138055,1.137855,1.137985,0
20260729 11:30:00 US/Eastern,1.137985,1.138035,1.13785,1.137925,0
20260729 11:35:00 US/Eastern,1.137925,1.13815,1.13792,1.137925,0
20260729 11:40:00 US/Eastern,1.137925,1.138155,1.137785,1.138145,0
20260729 11:45:00 US/Eastern,1.138145,1.1383,1.138105,1.138235,0
20260729 11:50:00 US/Eastern,1.138235,1.138295,1.138155,1.138285,0
20260729 11:55:00 US/Eastern,1.138285,1.13834,1.138165,1.138285,0
20260729 12:00:00 US/Eastern,1.138285,1.138355,1.138065,1.138085,0
20260729 12:05:00 US/Eastern,1.138085,1.138145,1.137805,1.138085,0
20260729 12:10:00 US/Eastern,1.138085,1.138085,1.13779,1.137815,0
20260729 12:15:00 US/Eastern,1.137815,1.137895,1.13768,1.137845,0
20260729 12:20:00 US/Eastern,1.137845,1.13813,1.137845,1.138035,0
20260729 12:25:00 US/Eastern,1.138035,1.138265,1.138035,1.138235,0
20260729 12:30:00 US/Eastern,1.138235,1.13825,1.13793,1.13801,0
20260729 12:35:00 US/Eastern,1.13801,1.13813,1.137985,1.138115,0
20260729 12:40:00 US/Eastern,1.138115,1.138255,1.138105,1.138255,0
20260729 12:45:00 US/Eastern,1.138255,1.13836,1.138195,1.138295,0
20260729 12:50:00 US/Eastern,1.138295,1.138495,1.138295,1.138415,0
20260729 12:55:00 US/Eastern,1.138415,1.138595,1.1384,1.138515,0
20260729 13:00:00 US/Eastern,1.138515,1.13867,1.138455,1.1386,0
20260729 13:05:00 US/Eastern,1.1386,1.13904,1.13848,1.13896,0
20260729 13:10:00 US/Eastern,1.13896,1.139025,1.13883,1.13898,0
20260729 13:15:00 US/Eastern,1.13898,1.13914,1.13889,1.139065,0
20260729 13:20:00 US/Eastern,1.139065,1.13932,1.139045,1.139215,0
20260729 13:25:00 US/Eastern,1.139215,1.139265,1.138945,1.139115,0
20260729 13:30:00 US/Eastern,1.139115,1.13938,1.139015,1.139365,0
20260729 13:35:00 US/Eastern,1.139365,1.139395,1.139125,1.139195,0
20260729 13:40:00 US/Eastern,1.139195,1.139705,1.139185,1.13959,0
20260729 13:45:00 US/Eastern,1.13959,1.139815,1.139535,1.13981,0
20260729 13:50:00 US/Eastern,1.13981,1.140005,1.139675,1.1397,0
20260729 13:55:00 US/Eastern,1.1397,1.13973,1.13951,1.139615,0
20260729 14:00:00 US/Eastern,1.139615,1.14308,1.138775,1.14151,0
20260729 14:05:00 US/Eastern,1.14151,1.142425,1.141455,1.14187,0
20260729 14:10:00 US/Eastern,1.14187,1.142825,1.141605,1.14278,0
20260729 14:15:00 US/Eastern,1.14278,1.142985,1.142325,1.142455,0
20260729 14:20:00 US/Eastern,1.142455,1.142455,1.14186,1.14186,0
20260729 14:25:00 US/Eastern,1.14186,1.142245,1.141515,1.14224,0
20260729 14:30:00 US/Eastern,1.14224,1.142785,1.14068,1.141545,0
20260729 14:35:00 US/Eastern,1.141545,1.142775,1.141,1.142565,0
20260729 14:40:00 US/Eastern,1.142565,1.143685,1.142435,1.14355,0
20260729 14:45:00 US/Eastern,1.14355,1.144885,1.143355,1.144765,0
20260729 14:50:00 US/Eastern,1.144765,1.145055,1.144215,1.14494,0
20260729 14:55:00 US/Eastern,1.14494,1.14524,1.144475,1.14519,0
20260729 15:00:00 US/Eastern,1.14519,1.14558,1.144635,1.14484,0
20260729 15:05:00 US/Eastern,1.14484,1.145045,1.144215,1.144355,0
20260729 15:10:00 US/Eastern,1.144355,1.14526,1.14399,1.14515,0
20260729 15:15:00 US/Eastern,1.14515,1.14667,1.14502,1.146485,0
20260729 15:20:00 US/Eastern,1.146485,1.146505,1.14514,1.14549,0
20260729 15:25:00 US/Eastern,1.14549,1.145555,1.144945,1.14526,0
20260729 15:30:00 US/Eastern,1.14526,1.14533,1.14457,1.144855,0
20260729 15:35:00 US/Eastern,1.144855,1.145445,1.14471,1.145205,0
20260729 15:40:00 US/Eastern,1.145205,1.145865,1.144985,1.14577,0
20260729 15:45:00 US/Eastern,1.14577,1.14583,1.145465,1.14576,0
20260729 15:50:00 US/Eastern,1.14576,1.145765,1.145085,1.14515,0
20260729 15:55:00 US/Eastern,1.14515,1.145265,1.144775,1.14479,0
20260729 16:00:00 US/Eastern,1.14479,1.14515,1.1447,1.14495,0
20260729 16:05:00 US/Eastern,1.14495,1.145085,1.144795,1.144905,0
20260729 16:10:00 US/Eastern,1.144905,1.145275,1.144705,1.145145,0
20260729 16:15:00 US/Eastern,1.145145,1.14518,1.144885,1.145115,0
20260729 16:20:00 US/Eastern,1.145115,1.145265,1.145015,1.145215,0
20260729 16:25:00 US/Eastern,1.145215,1.14563,1.145145,1.145565,0
20260729 16:30:00 US/Eastern,1.145565,1.14631,1.145525,1.146305,0
20260729 16:35:00 US/Eastern,1.146305,1.146495,1.146175,1.146255,0
20260729 16:40:00 US/Eastern,1.146255,1.1466,1.14624,1.1466,0
20260729 16:45:00 US/Eastern,1.1466,1.1471,1.14655,1.146695,0
20260729 16:50:00 US/Eastern,1.146695,1.14683,1.146455,1.14663,0
20260729 16:55:00 US/Eastern,1.14663,1.14696,1.146585,1.146735,0
20260729 17:15:00 US/Eastern,1.146225,1.146225,1.145855,1.146155,0
20260729 17:20:00 US/Eastern,1.146155,1.146335,1.146135,1.14628,0
20260729 17:25:00 US/Eastern,1.14628,1.146415,1.146195,1.146385,0
20260729 17:30:00 US/Eastern,1.146385,1.14649,1.146355,1.14647,0
20260729 17:35:00 US/Eastern,1.14647,1.14647,1.14643,1.14643,0
20260729 17:40:00 US/Eastern,1.146435,1.146485,1.146425,1.146445,0
20260729 17:45:00 US/Eastern,1.146445,1.1465,1.146215,1.14633,0
20260729 17:50:00 US/Eastern,1.14633,1.146365,1.14621,1.14623,0
20260729 17:55:00 US/Eastern,1.14623,1.14628,1.146095,1.146275,0
20260729 18:00:00 US/Eastern,1.146275,1.14689,1.14611,1.14685,0
20260729 18:05:00 US/Eastern,1.14685,1.14688,1.146585,1.146795,0
20260729 18:10:00 US/Eastern,1.146795,1.146845,1.14671,1.14682,0
20260729 18:15:00 US/Eastern,1.14682,1.146935,1.146785,1.146865,0
20260729 18:20:00 US/Eastern,1.146865,1.14691,1.14678,1.14681,0
20260729 18:25:00 US/Eastern,1.14681,1.14682,1.146735,1.146795,0
20260729 18:30:00 US/Eastern,1.146795,1.146855,1.146775,1.146845,0
20260729 18:35:00 US/Eastern,1.146845,1.146915,1.14681,1.14686,0
20260729 18:40:00 US/Eastern,1.14686,1.14696,1.146855,1.14696,0
20260729 18:45:00 US/Eastern,1.14696,1.147025,1.14695,1.14702,0
20260729 18:50:00 US/Eastern,1.14702,1.147045,1.14696,1.147025,0
20260729 18:55:00 US/Eastern,1.147025,1.147155,1.147015,1.14714,0
20260729 19:00:00 US/Eastern,1.14714,1.14734,1.14714,1.14732,0
20260729 19:05:00 US/Eastern,1.14732,1.147515,1.147225,1.14743,0
20260729 19:10:00 US/Eastern,1.14743,1.14743,1.147015,1.14705,0
20260729 19:15:00 US/Eastern,1.14705,1.14706,1.14691,1.14698,0
20260729 19:20:00 US/Eastern,1.14698,1.147005,1.146785,1.146785,0
20260729 19:25:00 US/Eastern,1.146785,1.146785,1.146685,1.146705,0
20260729 19:30:00 US/Eastern,1.146705,1.146755,1.146545,1.14674,0
20260729 19:35:00 US/Eastern,1.146745,1.146745,1.14664,1.14665,0
20260729 19:40:00 US/Eastern,1.146655,1.14671,1.14647,1.146485,0
20260729 19:45:00 US/Eastern,1.146485,1.14676,1.14644,1.146745,0
20260729 19:50:00 US/Eastern,1.146745,1.146955,1.14672,1.14678,0
20260729 19:55:00 US/Eastern,1.14678,1.1468,1.146665,1.146685,0
20260729 20:00:00 US/Eastern,1.146685,1.146815,1.146445,1.146525,0
20260729 20:05:00 US/Eastern,1.146525,1.146745,1.14635,1.14663,0
20260729 20:10:00 US/Eastern,1.14663,1.146745,1.146505,1.146675,0
20260729 20:15:00 US/Eastern,1.146675,1.146765,1.146305,1.146315,0
20260729 20:20:00 US/Eastern,1.146315,1.14633,1.146115,1.146195,0
20260729 20:25:00 US/Eastern,1.146195,1.146195,1.145625,1.145695,0
20260729 20:30:00 US/Eastern,1.145695,1.145835,1.145675,1.145725,0
20260729 20:35:00 US/Eastern,1.145725,1.145805,1.145585,1.14561,0
20260729 20:40:00 US/Eastern,1.14561,1.14579,1.145585,1.145745,0
20260729 20:45:00 US/Eastern,1.145745,1.14583,1.145735,1.145745,0
20260729 20:50:00 US/Eastern,1.145745,1.145795,1.1456,1.145725,0
20260729 20:55:00 US/Eastern,1.145725,1.14583,1.14568,1.145805,0
20260729 21:00:00 US/Eastern,1.145805,1.1461,1.14576,1.14594,0
20260729 21:05:00 US/Eastern,1.14594,1.14612,1.145865,1.145905,0
20260729 21:10:00 US/Eastern,1.145905,1.14599,1.145775,1.14594,0
20260729 21:15:00 US/Eastern,1.14594,1.14594,1.145705,1.14574,0
20260729 21:20:00 US/Eastern,1.14574,1.145785,1.145355,1.14545,0
20260729 21:25:00 US/Eastern,1.14545,1.145545,1.14534,1.14553,0
20260729 21:30:00 US/Eastern,1.14553,1.145935,1.145395,1.14579,0
20260729 21:35:00 US/Eastern,1.14579,1.145885,1.14571,1.145785,0
20260729 21:40:00 US/Eastern,1.145785,1.145885,1.1456,1.145615,0
20260729 21:45:00 US/Eastern,1.145615,1.145855,1.145555,1.145655,0
20260729 21:50:00 US/Eastern,1.145655,1.145675,1.14535,1.145395,0
20260729 21:55:00 US/Eastern,1.145395,1.145405,1.14524,1.145335,0
20260729 22:00:00 US/Eastern,1.145335,1.1455,1.14532,1.145445,0
20260729 22:05:00 US/Eastern,1.145445,1.145455,1.1453,1.145355,0
20260729 22:10:00 US/Eastern,1.145355,1.14541,1.145175,1.145235,0
20260729 22:15:00 US/Eastern,1.145235,1.14524,1.14514,1.14518,0
20260729 22:20:00 US/Eastern,1.14518,1.14531,1.145175,1.145255,0
20260729 22:25:00 US/Eastern,1.145255,1.14529,1.14523,1.145245,0
20260729 22:30:00 US/Eastern,1.145245,1.145435,1.14523,1.14541,0
20260729 22:35:00 US/Eastern,1.14541,1.145495,1.145375,1.14549,0
20260729 22:40:00 US/Eastern,1.14549,1.145495,1.14539,1.145425,0
20260729 22:45:00 US/Eastern,1.145425,1.145515,1.14541,1.145465,0
20260729 22:50:00 US/Eastern,1.145465,1.145525,1.145405,1.14543,0
20260729 22:55:00 US/Eastern,1.14543,1.14545,1.145285,1.145285,0
20260729 23:00:00 US/Eastern,1.145285,1.14544,1.145275,1.145395,0
20260729 23:05:00 US/Eastern,1.145395,1.145405,1.145235,1.145265,0
20260729 23:10:00 US/Eastern,1.145265,1.145265,1.145135,1.145185,0
20260729 23:15:00 US/Eastern,1.145185,1.145215,1.145035,1.145055,0
20260729 23:20:00 US/Eastern,1.145055,1.145105,1.14479,1.145035,0
20260729 23:25:00 US/Eastern,1.145035,1.145095,1.14497,1.145005,0
20260729 23:30:00 US/Eastern,1.145005,1.145205,1.144935,1.145185,0
20260729 23:35:00 US/Eastern,1.145185,1.145275,1.145145,1.145145,0
20260729 23:40:00 US/Eastern,1.145145,1.14524,1.14514,1.145185,0
20260729 23:45:00 US/Eastern,1.145185,1.14523,1.145105,1.145175,0
20260729 23:50:00 US/Eastern,1.145175,1.145185,1.14507,1.145125,0
20260729 23:55:00 US/Eastern,1.145125,1.14513,1.144945,1.14497,0
20260730 00:00:00 US/Eastern,1.14497,1.14514,1.1449,1.14506,0
20260730 00:05:00 US/Eastern,1.14506,1.14514,1.145055,1.145125,0
20260730 00:10:00 US/Eastern,1.145125,1.145295,1.145125,1.145295,0
20260730 00:15:00 US/Eastern,1.145295,1.145345,1.14524,1.145275,0
20260730 00:20:00 US/Eastern,1.145275,1.145345,1.14526,1.145285,0
20260730 00:25:00 US/Eastern,1.145285,1.145315,1.145235,1.145285,0
20260730 00:30:00 US/Eastern,1.145285,1.145345,1.14525,1.145345,0
20260730 00:35:00 US/Eastern,1.145345,1.145345,1.14524,1.14526,0
20260730 00:40:00 US/Eastern,1.14526,1.14541,1.14524,1.14528,0
20260730 00:45:00 US/Eastern,1.14528,1.145345,1.14516,1.145185,0
20260730 00:50:00 US/Eastern,1.145185,1.145205,1.145065,1.145095,0
20260730 00:55:00 US/Eastern,1.145095,1.145105,1.144985,1.145095,0
20260730 01:00:00 US/Eastern,1.145095,1.14528,1.145025,1.145235,0
20260730 01:05:00 US/Eastern,1.145235,1.14539,1.145175,1.145365,0
20260730 01:10:00 US/Eastern,1.145365,1.145515,1.145365,1.14549,0
20260730 01:15:00 US/Eastern,1.14549,1.1455,1.145435,1.145465,0
20260730 01:20:00 US/Eastern,1.145465,1.145615,1.145435,1.145545,0
20260730 01:25:00 US/Eastern,1.145545,1.14568,1.14549,1.14556,0
20260730 01:30:00 US/Eastern,1.14556,1.145605,1.145385,1.145415,0
20260730 01:35:00 US/Eastern,1.145415,1.145445,1.14526,1.145295,0
20260730 01:40:00 US/Eastern,1.145295,1.14538,1.14515,1.145255,0
20260730 01:45:00 US/Eastern,1.145255,1.145545,1.145215,1.14532,0
20260730 01:50:00 US/Eastern,1.14532,1.145335,1.145175,1.145255,0
20260730 01:55:00 US/Eastern,1.145255,1.145255,1.14489,1.145005,0
20260730 02:00:00 US/Eastern,1.145005,1.145145,1.14472,1.144855,0
20260730 02:05:00 US/Eastern,1.144855,1.144975,1.144665,1.1447,0
20260730 02:10:00 US/Eastern,1.1447,1.144905,1.144385,1.144485,0
20260730 02:15:00 US/Eastern,1.144485,1.144655,1.14446,1.144535,0
20260730 02:20:00 US/Eastern,1.144535,1.14459,1.144385,1.144505,0
20260730 02:25:00 US/Eastern,1.144505,1.144565,1.14437,1.144495,0
20260730 02:30:00 US/Eastern,1.144495,1.144615,1.14433,1.144505,0
20260730 02:35:00 US/Eastern,1.144505,1.144855,1.14444,1.144795,0
20260730 02:40:00 US/Eastern,1.144795,1.144815,1.14454,1.144595,0
20260730 02:45:00 US/Eastern,1.144595,1.144905,1.144585,1.144865,0
20260730 02:50:00 US/Eastern,1.144865,1.14512,1.144865,1.144955,0
20260730 02:55:00 US/Eastern,1.144955,1.1451,1.14463,1.1447,0
20260730 03:00:00 US/Eastern,1.1447,1.145115,1.14444,1.144975,0
20260730 03:05:00 US/Eastern,1.144975,1.145015,1.14458,1.144645,0
20260730 03:10:00 US/Eastern,1.144645,1.144745,1.144245,1.144275,0
20260730 03:15:00 US/Eastern,1.144275,1.144505,1.144165,1.144165,0
20260730 03:20:00 US/Eastern,1.144165,1.144345,1.144135,1.144195,0
20260730 03:25:00 US/Eastern,1.144195,1.144225,1.14365,1.14374,0
20260730 03:30:00 US/Eastern,1.14374,1.143785,1.143445,1.143505,0
20260730 03:35:00 US/Eastern,1.143505,1.14382,1.14348,1.143805,0
20260730 03:40:00 US/Eastern,1.143805,1.14389,1.14367,1.14369,0
20260730 03:45:00 US/Eastern,1.14369,1.143795,1.143635,1.143695,0
20260730 03:50:00 US/Eastern,1.143695,1.143855,1.14365,1.143675,0
20260730 03:55:00 US/Eastern,1.143675,1.143885,1.143625,1.14375,0
20260730 04:00:00 US/Eastern,1.14375,1.144355,1.1437,1.144165,0
20260730 04:05:00 US/Eastern,1.144165,1.144495,1.144165,1.14438,0
20260730 04:10:00 US/Eastern,1.14438,1.144745,1.144375,1.144585,0
20260730 04:15:00 US/Eastern,1.144585,1.144915,1.14458,1.14479,0
20260730 04:20:00 US/Eastern,1.14479,1.145145,1.144785,1.145025,0
20260730 04:25:00 US/Eastern,1.145025,1.14549,1.144975,1.145435,0
20260730 04:30:00 US/Eastern,1.145435,1.14557,1.145105,1.145105,0
20260730 04:35:00 US/Eastern,1.145105,1.145145,1.14462,1.14462,0
20260730 04:40:00 US/Eastern,1.14462,1.145165,1.14454,1.14514,0
20260730 04:45:00 US/Eastern,1.14514,1.145425,1.14507,1.145105,0
20260730 04:50:00 US/Eastern,1.145105,1.145165,1.14488,1.145005,0
20260730 04:55:00 US/Eastern,1.145005,1.145165,1.144675,1.14483,0
20260730 05:00:00 US/Eastern,1.14483,1.145455,1.14481,1.145365,0
20260730 05:05:00 US/Eastern,1.145365,1.145775,1.14525,1.145745,0
20260730 05:10:00 US/Eastern,1.145745,1.145845,1.145585,1.14576,0
20260730 05:15:00 US/Eastern,1.14576,1.145975,1.145655,1.145955,0
20260730 05:20:00 US/Eastern,1.145955,1.14619,1.14594,1.146125,0
20260730 05:25:00 US/Eastern,1.146125,1.14638,1.146035,1.146155,0
20260730 05:30:00 US/Eastern,1.146155,1.146195,1.145975,1.146145,0
20260730 05:35:00 US/Eastern,1.146145,1.146395,1.146145,1.146195,0
20260730 05:40:00 US/Eastern,1.146195,1.146315,1.146195,1.146285,0
20260730 05:45:00 US/Eastern,1.146285,1.146745,1.146085,1.14673,0
20260730 05:50:00 US/Eastern,1.14673,1.146765,1.146245,1.14637,0
20260730 05:55:00 US/Eastern,1.14637,1.146605,1.14635,1.14648,0
20260730 06:00:00 US/Eastern,1.14648,1.146585,1.14619,1.1462,0
20260730 06:05:00 US/Eastern,1.1462,1.146605,1.146145,1.14657,0
20260730 06:10:00 US/Eastern,1.14657,1.147285,1.146565,1.147195,0
20260730 06:15:00 US/Eastern,1.147195,1.147985,1.14716,1.14734,0
20260730 06:20:00 US/Eastern,1.14734,1.147355,1.146885,1.14699,0
20260730 06:25:00 US/Eastern,1.14699,1.147455,1.146935,1.147235,0
20260730 06:30:00 US/Eastern,1.147235,1.147605,1.147205,1.1474,0
20260730 06:35:00 US/Eastern,1.1474,1.1475,1.14731,1.147445,0
20260730 06:40:00 US/Eastern,1.147445,1.148435,1.147405,1.148055,0
20260730 06:45:00 US/Eastern,1.148055,1.148365,1.148045,1.148205,0
20260730 06:50:00 US/Eastern,1.148205,1.148235,1.147635,1.14769,0
20260730 06:55:00 US/Eastern,1.14769,1.14777,1.147285,1.147285,0
20260730 07:00:00 US/Eastern,1.147285,1.147825,1.147285,1.147645,0
20260730 07:05:00 US/Eastern,1.147645,1.147695,1.147375,1.147535,0
20260730 07:10:00 US/Eastern,1.147535,1.1476,1.147175,1.147205,0
20260730 07:15:00 US/Eastern,1.147205,1.147295,1.147015,1.147015,0
20260730 07:20:00 US/Eastern,1.147015,1.147045,1.146535,1.146755,0
20260730 07:25:00 US/Eastern,1.146755,1.14682,1.146655,1.146765,0
20260730 07:30:00 US/Eastern,1.146765,1.1468,1.14659,1.146595,0
20260730 07:35:00 US/Eastern,1.146595,1.146745,1.14657,1.146695,0
20260730 07:40:00 US/Eastern,1.146695,1.14671,1.146505,1.146535,0
20260730 07:45:00 US/Eastern,1.146535,1.146915,1.146535,1.14686,0
20260730 07:50:00 US/Eastern,1.14686,1.147275,1.14686,1.147255,0
20260730 07:55:00 US/Eastern,1.147255,1.147605,1.14708,1.147585,0
20260730 08:00:00 US/Eastern,1.147585,1.147815,1.147545,1.147755,0
20260730 08:05:00 US/Eastern,1.147755,1.147915,1.147565,1.147575,0
20260730 08:10:00 US/Eastern,1.147575,1.148135,1.14756,1.148065,0
20260730 08:15:00 US/Eastern,1.148065,1.148065,1.14743,1.147605,0
20260730 08:20:00 US/Eastern,1.147605,1.14761,1.147475,1.147585,0
