timestamp,symbol,open,high,low,close,volume
2026-06-05T17:00:00Z,SPY,744.065,744.69,744.06,744.615,11539.0
2026-06-05T18:00:00Z,SPY,744.68,744.78,738.5,739.19,433330.0
2026-06-05T19:00:00Z,SPY,739.11,739.8,735.59,737.45,922634.0
2026-06-05T20:00:00Z,SPY,737.44,737.44,733.66,734.47,3031.0
2026-06-08T12:00:00Z,SPY,742.2,743.76,742.2,743.76,2392.0
2026-06-08T13:00:00Z,SPY,743.79,744.505,740.82,740.845,200575.0
2026-06-08T14:00:00Z,SPY,740.8,744.98,740.63,744.98,272860.0
2026-06-08T15:00:00Z,SPY,745.0,745.32,741.88,742.72,208577.0
2026-06-08T16:00:00Z,SPY,742.7,743.96,741.53,742.015,129618.0
2026-06-08T17:00:00Z,SPY,741.93,742.39,740.09,741.13,201136.0
2026-06-08T18:00:00Z,SPY,741.15,742.42,740.77,740.99,251532.0
2026-06-08T19:00:00Z,SPY,740.99,741.14,738.2,739.235,442298.0
2026-06-09T12:00:00Z,SPY,742.24,743.08,742.24,742.71,535.0
2026-06-09T13:00:00Z,SPY,743.31,746.89,743.31,744.34,255806.0
2026-06-09T14:00:00Z,SPY,744.09,745.0,734.71,737.73,546942.0
2026-06-09T15:00:00Z,SPY,737.81,738.39,728.96,729.075,430460.0
2026-06-09T16:00:00Z,SPY,729.135,730.54,722.605,726.68,591062.0
2026-06-09T17:00:00Z,SPY,726.85,733.91,726.41,732.56,528947.0
2026-06-09T18:00:00Z,SPY,732.63,737.11,732.15,736.75,329685.0
2026-06-09T19:00:00Z,SPY,736.82,737.645,732.54,737.07,739906.0
2026-06-09T20:00:00Z,SPY,736.5,736.5,736.35,736.42,4085.0
2026-06-10T12:00:00Z,SPY,731.11,734.55,730.27,733.71,6012.0
2026-06-10T13:00:00Z,SPY,733.06,736.97,731.6,735.53,181695.0
2026-06-10T14:00:00Z,SPY,735.775,738.38,732.31,732.86,383092.0
2026-06-10T15:00:00Z,SPY,732.92,734.42,728.515,731.95,444262.0
2026-06-10T16:00:00Z,SPY,731.97,732.51,729.42,730.36,191921.0
2026-06-10T17:00:00Z,SPY,730.39,731.37,727.89,730.69,292158.0
2026-06-10T18:00:00Z,SPY,730.725,731.73,727.0,727.4,240097.0
2026-06-10T19:00:00Z,SPY,727.45,728.09,725.37,725.58,548631.0
2026-06-10T20:00:00Z,SPY,724.6,724.73,724.6,724.73,147.0
2026-06-11T12:00:00Z,SPY,730.56,730.56,726.93,729.24,5316.0
2026-06-11T13:00:00Z,SPY,728.8,731.53,726.37,729.71,245327.0
2026-06-11T14:00:00Z,SPY,729.76,731.575,725.15,725.645,329079.0
2026-06-11T15:00:00Z,SPY,725.57,729.44,724.46,728.1,330057.0
2026-06-11T16:00:00Z,SPY,728.025,730.3,726.505,726.54,328085.0
2026-06-11T17:00:00Z,SPY,726.52,736.58,725.3,734.96,467819.0
2026-06-11T18:00:00Z,SPY,734.94,736.285,732.61,735.76,468390.0
2026-06-11T19:00:00Z,SPY,735.72,740.0,735.33,737.67,939798.0
2026-06-11T20:00:00Z,SPY,738.12,738.15,738.12,738.15,4860.0
2026-06-12T12:00:00Z,SPY,741.4,741.4,739.98,739.98,207.0
2026-06-12T13:00:00Z,SPY,738.81,740.79,735.03,736.61,200771.0
2026-06-12T14:00:00Z,SPY,736.8,742.72,736.54,742.41,319265.0
2026-06-12T15:00:00Z,SPY,742.46,744.41,738.47,738.91,283861.0
2026-06-12T16:00:00Z,SPY,738.89,742.18,738.17,741.53,326148.0
2026-06-12T17:00:00Z,SPY,741.58,742.96,740.88,741.32,240709.0
2026-06-12T18:00:00Z,SPY,741.27,742.32,740.44,741.025,309521.0
2026-06-12T19:00:00Z,SPY,740.99,742.21,740.075,741.67,558356.0
2026-06-15T12:00:00Z,SPY,751.42,751.62,750.93,751.06,728.0
2026-06-15T13:00:00Z,SPY,751.8,754.08,751.78,753.315,234536.0
2026-06-15T14:00:00Z,SPY,753.32,754.37,752.53,754.16,262951.0
2026-06-15T15:00:00Z,SPY,754.23,756.21,754.2,756.14,221430.0
2026-06-15T16:00:00Z,SPY,756.15,756.68,755.53,755.87,174832.0
2026-06-15T17:00:00Z,SPY,755.84,756.33,755.08,755.195,174749.0
2026-06-15T18:00:00Z,SPY,755.32,755.46,754.455,755.0,187163.0
2026-06-15T19:00:00Z,SPY,755.0,755.24,753.4,754.75,681712.0
2026-06-15T20:00:00Z,SPY,754.39,754.5,754.39,754.5,540.0
2026-06-16T13:00:00Z,SPY,754.2,755.44,754.01,754.1,143905.0
2026-06-16T14:00:00Z,SPY,754.08,755.17,752.31,752.87,297030.0
2026-06-16T15:00:00Z,SPY,753.11,753.72,751.72,752.77,202250.0
2026-06-16T16:00:00Z,SPY,752.73,753.95,752.34,752.74,107468.0
2026-06-16T17:00:00Z,SPY,752.73,752.8,751.48,752.11,101684.0
2026-06-16T18:00:00Z,SPY,752.1,752.34,751.66,751.78,149916.0
2026-06-16T19:00:00Z,SPY,751.75,751.86,749.89,750.58,797949.0
2026-06-17T12:00:00Z,SPY,750.61,751.29,750.61,751.29,580.0
2026-06-17T13:00:00Z,SPY,751.49,751.77,749.86,749.89,129909.0
2026-06-17T14:00:00Z,SPY,749.895,752.13,747.98,749.07,242112.0
2026-06-17T15:00:00Z,SPY,749.05,750.85,748.62,750.625,157837.0
2026-06-17T16:00:00Z,SPY,750.63,751.02,749.93,750.015,138706.0
2026-06-17T17:00:00Z,SPY,749.97,750.87,748.61,750.87,155249.0
2026-06-17T18:00:00Z,SPY,750.82,750.835,743.48,745.97,631382.0
2026-06-17T19:00:00Z,SPY,746.05,747.13,739.26,741.1,1100841.0
2026-06-17T20:00:00Z,SPY,741.02,742.43,741.02,742.43,3157.0
2026-06-18T12:00:00Z,SPY,744.55,745.72,744.55,745.59,2165.0
2026-06-18T13:00:00Z,SPY,746.79,748.18,743.88,744.76,151359.0
2026-06-18T14:00:00Z,SPY,744.745,747.26,744.25,746.82,203239.0
2026-06-18T15:00:00Z,SPY,746.93,746.98,744.35,746.27,161143.0
2026-06-18T16:00:00Z,SPY,746.37,747.25,745.75,746.62,116859.0
2026-06-18T17:00:00Z,SPY,746.7,748.13,746.42,747.05,165159.0
2026-06-18T18:00:00Z,SPY,747.03,747.08,746.16,746.42,173801.0
2026-06-18T19:00:00Z,SPY,746.4,748.1,745.21,746.75,518681.0
2026-06-18T20:00:00Z,SPY,747.7,748.46,747.7,748.46,1038.0
2026-06-22T13:00:00Z,SPY,747.65,749.89,747.57,749.84,158204.0
2026-06-22T14:00:00Z,SPY,749.89,750.14,743.15,744.67,239133.0
2026-06-22T15:00:00Z,SPY,744.6,746.28,743.92,744.62,192941.0
2026-06-22T16:00:00Z,SPY,744.64,745.35,743.62,744.95,125756.0
2026-06-22T17:00:00Z,SPY,744.92,745.325,743.98,744.7,87237.0
2026-06-22T18:00:00Z,SPY,744.71,745.74,743.62,743.69,162707.0
2026-06-22T19:00:00Z,SPY,743.76,744.83,743.13,744.27,707710.0
2026-06-23T12:00:00Z,SPY,734.22,734.22,734.13,734.13,195.0
2026-06-23T13:00:00Z,SPY,733.735,737.205,732.3,737.185,244958.0
2026-06-23T14:00:00Z,SPY,737.125,739.6,736.54,737.01,262385.0
2026-06-23T15:00:00Z,SPY,737.0,737.37,734.24,735.94,214413.0
2026-06-23T16:00:00Z,SPY,736.0,737.98,735.93,737.55,133231.0
2026-06-23T17:00:00Z,SPY,737.425,738.09,735.76,735.84,138669.0
2026-06-23T18:00:00Z,SPY,735.82,736.57,733.33,734.03,210660.0
2026-06-23T19:00:00Z,SPY,734.06,735.6,733.62,733.62,700973.0
2026-06-24T12:00:00Z,SPY,736.48,737.0,736.48,736.8,667.0
2026-06-24T13:00:00Z,SPY,734.7,737.62,734.3,735.94,129124.0
2026-06-24T14:00:00Z,SPY,736.05,739.705,734.12,739.6,160187.0
2026-06-24T15:00:00Z,SPY,739.71,739.93,737.84,738.34,123721.0
2026-06-24T16:00:00Z,SPY,738.12,738.87,735.4,735.64,90942.0
2026-06-24T17:00:00Z,SPY,735.69,736.46,731.31,731.83,151461.0
2026-06-24T18:00:00Z,SPY,731.89,734.65,731.26,731.92,175035.0
2026-06-24T19:00:00Z,SPY,732.0,733.33,730.86,733.32,589500.0
2026-06-24T20:00:00Z,SPY,734.5,738.16,734.5,738.02,1032.0
2026-06-25T12:00:00Z,SPY,738.26,739.22,738.26,739.11,700.0
2026-06-25T13:00:00Z,SPY,738.51,739.31,729.63,729.88,257276.0
2026-06-25T14:00:00Z,SPY,729.88,737.79,729.83,735.26,361240.0
2026-06-25T15:00:00Z,SPY,735.34,736.48,731.86,734.14,253173.0
2026-06-25T16:00:00Z,SPY,734.16,736.22,731.5,732.49,152079.0
2026-06-25T17:00:00Z,SPY,732.69,734.22,731.66,733.42,209656.0
2026-06-25T18:00:00Z,SPY,733.47,736.04,731.4,733.81,194653.0
2026-06-25T19:00:00Z,SPY,733.905,733.905,731.33,733.33,566671.0
2026-06-25T20:00:00Z,SPY,733.32,735.36,733.32,734.85,1453.0
2026-06-26T12:00:00Z,SPY,730.33,730.57,729.81,729.81,300.0
2026-06-26T13:00:00Z,SPY,728.875,731.27,726.88,730.81,132254.0
2026-06-26T14:00:00Z,SPY,730.85,734.2,730.65,732.47,233319.0
2026-06-26T15:00:00Z,SPY,732.6,736.5,731.67,735.47,192895.0
2026-06-26T16:00:00Z,SPY,735.38,735.49,732.78,734.46,194018.0
2026-06-26T17:00:00Z,SPY,734.475,735.83,733.48,733.67,168361.0
2026-06-26T18:00:00Z,SPY,733.69,734.58,731.32,731.62,266815.0
2026-06-26T19:00:00Z,SPY,731.64,733.85,716.58,729.35,874317.0
2026-06-26T20:00:00Z,SPY,731.75,732.24,730.75,732.14,3105.0
2026-06-29T13:00:00Z,SPY,736.61,739.86,735.38,736.83,138134.0
2026-06-29T14:00:00Z,SPY,736.95,738.29,732.12,737.8,291918.0
2026-06-29T15:00:00Z,SPY,737.905,738.57,736.44,738.505,196732.0
2026-06-29T16:00:00Z,SPY,738.59,739.12,737.985,738.68,139077.0
2026-06-29T17:00:00Z,SPY,738.74,740.82,738.74,740.42,125022.0
2026-06-29T18:00:00Z,SPY,740.44,741.18,740.135,740.67,140731.0
2026-06-29T19:00:00Z,SPY,740.685,741.54,740.23,740.86,583145.0
2026-06-29T20:00:00Z,SPY,740.95,740.95,740.89,740.89,480.0
2026-06-30T12:00:00Z,SPY,741.81,741.81,741.61,741.61,200.0
2026-06-30T13:00:00Z,SPY,741.3,743.94,740.9,743.875,292159.0
2026-06-30T14:00:00Z,SPY,743.85,745.36,742.86,743.33,216479.0
2026-06-30T15:00:00Z,SPY,743.32,745.99,743.25,745.78,139783.0
2026-06-30T16:00:00Z,SPY,745.79,747.02,745.76,746.775,111964.0
2026-06-30T17:00:00Z,SPY,746.77,747.14,746.16,746.48,95244.0
2026-06-30T18:00:00Z,SPY,746.46,747.44,746.335,747.13,131787.0
2026-06-30T19:00:00Z,SPY,747.12,748.01,746.37,746.65,521406.0
2026-07-01T12:00:00Z,SPY,745.3,745.3,744.26,744.26,300.0
2026-07-01T13:00:00Z,SPY,744.965,745.31,742.385,745.31,257465.0
2026-07-01T14:00:00Z,SPY,745.42,747.1,745.04,746.96,244233.0
2026-07-01T15:00:00Z,SPY,746.98,749.345,746.91,748.81,192508.0
2026-07-01T16:00:00Z,SPY,748.82,749.41,747.36,747.47,110342.0
2026-07-01T17:00:00Z,SPY,747.51,748.395,747.05,747.18,128422.0
2026-07-01T18:00:00Z,SPY,747.21,747.67,746.47,746.86,143386.0
2026-07-01T19:00:00Z,SPY,746.84,747.67,745.16,745.665,469774.0
2026-07-02T12:00:00Z,SPY,747.13,749.54,746.89,749.37,2931.0
2026-07-02T13:00:00Z,SPY,747.415,751.23,747.12,750.77,169200.0
2026-07-02T14:00:00Z,SPY,750.78,751.23,746.03,747.62,258708.0
2026-07-02T15:00:00Z,SPY,747.715,747.78,744.08,744.645,225434.0
2026-07-02T16:00:00Z,SPY,744.65,744.85,741.88,742.17,169111.0
2026-07-02T17:00:00Z,SPY,742.2,742.24,740.04,740.23,185613.0
2026-07-02T18:00:00Z,SPY,740.21,743.46,740.06,742.97,201447.0
2026-07-02T19:00:00Z,SPY,742.98,745.58,741.35,744.86,743119.0
2026-07-02T20:00:00Z,SPY,744.26,744.26,744.07,744.07,220.0
2026-07-06T13:00:00Z,SPY,748.22,749.53,747.455,748.42,174787.0
2026-07-06T14:00:00Z,SPY,748.54,750.27,748.05,750.27,174485.0
2026-07-06T15:00:00Z,SPY,750.29,750.95,749.63,750.82,147802.0
2026-07-06T16:00:00Z,SPY,750.79,751.12,750.4,750.42,138276.0
2026-07-06T17:00:00Z,SPY,750.425,751.52,749.64,750.095,165631.0
2026-07-06T18:00:00Z,SPY,750.185,752.01,750.18,751.915,177667.0
2026-07-06T19:00:00Z,SPY,751.945,752.4,750.82,751.27,540516.0
2026-07-06T20:00:00Z,SPY,751.31,751.68,751.31,751.63,2226.0
2026-07-07T13:00:00Z,SPY,750.21,750.935,748.25,748.775,124571.0
2026-07-07T14:00:00Z,SPY,748.79,749.13,745.27,746.62,238443.0
2026-07-07T15:00:00Z,SPY,746.47,747.43,745.48,747.43,170941.0
2026-07-07T16:00:00Z,SPY,747.37,749.11,747.25,748.96,146944.0
2026-07-07T17:00:00Z,SPY,748.97,749.34,748.42,749.13,89970.0
2026-07-07T18:00:00Z,SPY,749.19,749.27,747.43,747.51,169188.0
2026-07-07T19:00:00Z,SPY,747.5,747.93,746.04,747.77,494824.0
2026-07-07T20:00:00Z,SPY,747.5,747.5,747.49,747.49,1216.0
2026-07-08T12:00:00Z,SPY,743.39,743.74,743.2,743.74,400.0
2026-07-08T13:00:00Z,SPY,743.135,744.92,742.74,744.09,127788.0
2026-07-08T14:00:00Z,SPY,744.08,744.65,740.98,741.85,226450.0
2026-07-08T15:00:00Z,SPY,741.96,742.005,739.55,740.7,192604.0
2026-07-08T16:00:00Z,SPY,740.63,744.74,740.63,744.69,159805.0
2026-07-08T17:00:00Z,SPY,744.54,746.09,743.96,744.39,120593.0
2026-07-08T18:00:00Z,SPY,744.365,745.49,744.0,745.31,102368.0
2026-07-08T19:00:00Z,SPY,745.36,746.14,744.485,745.28,292998.0
2026-07-08T20:00:00Z,SPY,745.2,745.2,744.41,744.41,240.0
2026-07-09T12:00:00Z,SPY,747.5,747.5,747.5,747.5,100.0
2026-07-09T13:00:00Z,SPY,747.29,749.2,745.715,748.59,133975.0
2026-07-09T14:00:00Z,SPY,748.735,749.02,745.6,748.73,256523.0
2026-07-09T15:00:00Z,SPY,748.73,750.23,748.605,749.86,138537.0
2026-07-09T16:00:00Z,SPY,749.91,750.885,749.91,750.43,104964.0
2026-07-09T17:00:00Z,SPY,750.42,751.97,750.4,751.61,111956.0
2026-07-09T18:00:00Z,SPY,751.64,751.865,750.89,751.05,183938.0
2026-07-09T19:00:00Z,SPY,751.05,751.58,750.67,751.55,534603.0
2026-07-10T12:00:00Z,SPY,751.89,751.89,751.89,751.89,100.0
2026-07-10T13:00:00Z,SPY,752.1,753.22,751.81,752.925,106256.0
2026-07-10T14:00:00Z,SPY,752.92,753.33,748.14,751.23,224469.0
2026-07-10T15:00:00Z,SPY,751.25,753.42,750.66,752.82,150607.0
2026-07-10T16:00:00Z,SPY,752.88,754.13,752.85,754.015,114430.0
2026-07-10T17:00:00Z,SPY,753.98,754.41,753.48,753.99,101641.0
2026-07-10T18:00:00Z,SPY,753.995,754.71,753.935,754.48,130561.0
2026-07-10T19:00:00Z,SPY,754.5,755.42,754.47,754.94,444441.0
2026-07-10T20:00:00Z,SPY,754.94,755.1,754.94,755.1,824.0
2026-07-13T12:00:00Z,SPY,752.43,752.43,751.68,751.81,752.0
2026-07-13T13:00:00Z,SPY,752.62,753.835,751.93,753.59,131931.0
2026-07-13T14:00:00Z,SPY,753.68,753.91,750.4,752.74,234366.0
2026-07-13T15:00:00Z,SPY,752.79,753.01,751.12,751.24,172368.0
2026-07-13T16:00:00Z,SPY,751.185,751.8,748.94,749.95,233846.0
2026-07-13T17:00:00Z,SPY,749.95,750.63,749.22,749.22,115470.0
2026-07-13T18:00:00Z,SPY,749.32,750.16,748.98,749.55,153573.0
2026-07-13T19:00:00Z,SPY,749.51,749.95,748.06,749.13,469787.0
2026-07-14T12:00:00Z,SPY,748.15,753.93,748.15,751.91,2400.0
2026-07-14T13:00:00Z,SPY,750.93,751.755,749.54,751.37,119930.0
2026-07-14T14:00:00Z,SPY,751.35,753.31,748.71,751.68,209379.0
2026-07-14T15:00:00Z,SPY,751.79,753.04,750.68,751.01,157149.0
2026-07-14T16:00:00Z,SPY,751.04,751.83,750.02,751.83,120855.0
2026-07-14T17:00:00Z,SPY,751.87,752.61,751.59,752.28,71190.0
2026-07-14T18:00:00Z,SPY,752.29,752.74,751.74,752.17,122530.0
2026-07-14T19:00:00Z,SPY,752.16,752.52,751.75,751.94,300851.0
2026-07-14T20:00:00Z,SPY,751.95,752.05,751.95,752.05,1477.0
2026-07-15T12:00:00Z,SPY,753.11,753.52,753.11,753.46,660.0
2026-07-15T13:00:00Z,SPY,754.225,755.54,753.19,754.41,153580.0
2026-07-15T14:00:00Z,SPY,754.51,755.54,752.77,753.49,273952.0
2026-07-15T15:00:00Z,SPY,753.52,754.11,752.25,752.67,140881.0
2026-07-15T16:00:00Z,SPY,752.67,752.79,750.25,751.625,218024.0
2026-07-15T17:00:00Z,SPY,751.69,754.45,751.59,754.13,155838.0
2026-07-15T18:00:00Z,SPY,754.18,754.92,753.12,753.16,138799.0
2026-07-15T19:00:00Z,SPY,753.11,754.8,753.1,754.77,364306.0
2026-07-16T12:00:00Z,SPY,752.4,752.4,751.83,751.83,322.0
2026-07-16T13:00:00Z,SPY,752.8,753.51,750.7,751.92,200957.0
2026-07-16T14:00:00Z,SPY,751.78,754.55,751.74,754.16,191339.0
2026-07-16T15:00:00Z,SPY,754.225,754.44,752.98,753.57,109237.0
2026-07-16T16:00:00Z,SPY,753.585,753.585,751.46,752.855,158471.0
2026-07-16T17:00:00Z,SPY,752.89,752.905,751.09,751.355,108412.0
2026-07-16T18:00:00Z,SPY,751.3,751.71,749.94,750.24,200331.0
2026-07-16T19:00:00Z,SPY,750.22,751.04,747.88,750.87,687489.0
2026-07-17T12:00:00Z,SPY,744.82,744.82,744.22,744.22,880.0
2026-07-17T13:00:00Z,SPY,742.17,744.83,740.8,744.82,286812.0
2026-07-17T14:00:00Z,SPY,744.8,747.24,744.71,745.07,315977.0
2026-07-17T15:00:00Z,SPY,745.15,747.06,743.96,746.85,219481.0
2026-07-17T16:00:00Z,SPY,746.89,747.25,744.94,746.32,185777.0
2026-07-17T17:00:00Z,SPY,746.33,747.1,744.38,744.59,160291.0
2026-07-17T18:00:00Z,SPY,744.6,745.1,743.11,744.44,178140.0
2026-07-17T19:00:00Z,SPY,744.39,744.39,742.16,743.28,662771.0
2026-07-20T12:00:00Z,SPY,745.96,746.43,745.96,746.43,340.0
2026-07-20T13:00:00Z,SPY,747.04,748.69,745.535,745.725,154808.0
2026-07-20T14:00:00Z,SPY,745.61,746.315,743.77,744.115,212439.0
2026-07-20T15:00:00Z,SPY,744.12,746.42,743.82,745.995,137486.0
2026-07-20T16:00:00Z,SPY,746.0,746.98,744.65,745.01,161031.0
2026-07-20T17:00:00Z,SPY,744.99,745.16,743.59,744.54,151643.0
2026-07-20T18:00:00Z,SPY,744.64,745.355,742.46,742.78,208097.0
2026-07-20T19:00:00Z,SPY,742.77,743.335,741.56,742.15,484230.0
2026-07-20T20:00:00Z,SPY,741.93,741.93,741.85,741.85,200.0
2026-07-21T13:00:00Z,SPY,746.31,746.6,744.25,745.325,152409.0
2026-07-21T14:00:00Z,SPY,745.37,747.26,744.79,746.77,173902.0
2026-07-21T15:00:00Z,SPY,746.86,748.01,745.88,747.51,149681.0
2026-07-21T16:00:00Z,SPY,747.495,749.03,747.495,748.71,111107.0
2026-07-21T17:00:00Z,SPY,748.72,748.93,748.23,748.58,155657.0
2026-07-21T18:00:00Z,SPY,748.54,748.735,747.955,748.36,126372.0
2026-07-21T19:00:00Z,SPY,748.4,748.65,748.09,748.155,348364.0
2026-07-21T20:00:00Z,SPY,748.25,748.25,747.95,747.95,1540.0
2026-07-22T12:00:00Z,SPY,745.79,746.11,745.79,746.11,147.0
2026-07-22T13:00:00Z,SPY,747.05,748.735,746.425,748.735,139333.0
2026-07-22T14:00:00Z,SPY,748.775,749.37,746.745,747.965,217253.0
2026-07-22T15:00:00Z,SPY,747.985,749.76,747.9,749.75,158013.0
2026-07-22T16:00:00Z,SPY,749.79,750.015,749.5,749.84,120979.0
2026-07-22T17:00:00Z,SPY,749.82,749.885,748.4,748.515,94015.0
2026-07-22T18:00:00Z,SPY,748.515,748.7,748.03,748.44,140701.0
2026-07-22T19:00:00Z,SPY,748.42,748.46,747.37,747.49,353275.0
2026-07-22T20:00:00Z,SPY,748.6,748.6,748.6,748.6,40.0
2026-07-23T12:00:00Z,SPY,743.74,743.79,742.07,742.12,730.0
2026-07-23T13:00:00Z,SPY,739.92,742.515,738.54,739.57,222994.0
2026-07-23T14:00:00Z,SPY,739.69,740.91,738.03,738.345,281181.0
2026-07-23T15:00:00Z,SPY,738.4,738.47,735.25,737.845,282539.0
2026-07-23T16:00:00Z,SPY,737.845,739.72,737.57,738.675,201986.0
2026-07-23T17:00:00Z,SPY,738.44,739.165,737.13,737.195,134449.0
2026-07-23T18:00:00Z,SPY,737.05,737.66,736.61,737.04,167979.0
2026-07-23T19:00:00Z,SPY,737.11,738.55,735.72,738.06,423120.0
2026-07-23T20:00:00Z,SPY,739.01,739.01,739.01,739.01,853.0
2026-07-24T12:00:00Z,SPY,740.58,740.66,740.58,740.66,300.0
2026-07-24T13:00:00Z,SPY,738.505,739.85,737.44,737.625,132234.0
2026-07-24T14:00:00Z,SPY,737.59,740.68,737.35,740.63,259099.0
2026-07-24T15:00:00Z,SPY,740.6,743.225,739.64,743.0,181699.0
2026-07-24T16:00:00Z,SPY,743.04,743.71,740.79,741.47,164625.0
2026-07-24T17:00:00Z,SPY,741.415,742.11,740.34,741.02,89056.0
2026-07-24T18:00:00Z,SPY,740.965,741.265,737.66,738.415,211511.0
2026-07-24T19:00:00Z,SPY,738.59,739.09,737.3,738.9,489099.0
2026-07-24T20:00:00Z,SPY,738.5,738.5,738.25,738.29,2594.0
2026-07-27T12:00:00Z,SPY,744.9,744.9,744.9,744.9,80.0
2026-07-27T13:00:00Z,SPY,744.9,745.52,741.62,741.62,128283.0
2026-07-27T14:00:00Z,SPY,741.615,742.085,736.55,739.76,325656.0
2026-07-27T15:00:00Z,SPY,739.73,740.28,736.34,737.49,158297.0
2026-07-27T16:00:00Z,SPY,737.52,739.63,736.68,737.03,130243.0
2026-07-27T17:00:00Z,SPY,737.03,737.84,735.88,737.83,100614.0
2026-07-27T18:00:00Z,SPY,737.94,739.24,736.63,739.055,166619.0
2026-07-27T19:00:00Z,SPY,739.06,739.83,738.49,738.85,404121.0
2026-07-28T12:00:00Z,SPY,739.31,740.02,739.2,739.92,7709.0
2026-07-28T13:00:00Z,SPY,739.165,739.42,736.01,736.5,198339.0
2026-07-28T14:00:00Z,SPY,736.49,739.8,736.275,738.625,233146.0
2026-07-28T15:00:00Z,SPY,738.63,742.43,738.03,742.17,177157.0
2026-07-28T16:00:00Z,SPY,742.215,742.755,740.92,742.59,114017.0
2026-07-28T17:00:00Z,SPY,742.48,742.715,740.54,741.19,107461.0
2026-07-28T18:00:00Z,SPY,741.21,741.59,740.42,741.46,99738.0
2026-07-28T19:00:00Z,SPY,741.455,741.94,740.46,740.795,389238.0
2026-07-28T20:00:00Z,SPY,740.67,740.67,740.67,740.67,152.0
2026-07-29T12:00:00Z,SPY,740.44,740.63,740.2,740.63,600.0
2026-07-29T13:00:00Z,SPY,740.52,740.52,736.63,737.44,106261.0
2026-07-29T14:00:00Z,SPY,737.43,738.29,733.82,734.86,178992.0
2026-07-29T15:00:00Z,SPY,734.92,735.625,733.02,733.73,134316.0
2026-07-29T16:00:00Z,SPY,733.76,734.86,731.74,734.855,146337.0
2026-07-29T17:00:00Z,SPY,734.89,737.175,734.75,736.35,140889.0
2026-07-29T18:00:00Z,SPY,736.43,742.68,736.07,741.745,354124.0
2026-07-29T19:00:00Z,SPY,741.99,742.54,729.105,729.57,840687.0
2026-07-29T20:00:00Z,SPY,730.02,730.02,728.0,728.0,5356.0
