observation_date,IRSTCI01NOM156N
1982-01-01,11.20000000000000
1982-02-01,12.40000000000000
1982-03-01,14.20000000000000
1982-04-01,28.50000000000000
1982-05-01,21.70000000000000
1982-06-01,12.50000000000000
1982-07-01,20.40000000000000
1982-08-01,12.40000000000000
1982-09-01,11.10000000000000
1982-10-01,17.90000000000000
1982-11-01,13.50000000000000
1982-12-01,11.60000000000000
1983-01-01,13.11000000000000
1983-02-01,11.93000000000000
1983-03-01,12.66000000000000
1983-04-01,12.92000000000000
1983-05-01,14.77000000000000
1983-06-01,11.57000000000000
1983-07-01,11.91000000000000
1983-08-01,13.16000000000000
1983-09-01,11.54000000000000
1983-10-01,12.41000000000000
1983-11-01,12.58000000000000
1983-12-01,12.74000000000000
1984-01-01,12.88000000000000
1984-02-01,11.96000000000000
1984-03-01,13.47000000000000
1984-04-01,13.09000000000000
1984-05-01,13.19000000000000
1984-06-01,12.04000000000000
1984-07-01,12.00000000000000
1984-08-01,12.59000000000000
1984-09-01,12.09000000000000
1984-10-01,12.95000000000000
1984-11-01,13.09000000000000
1984-12-01,12.36000000000000
1985-01-01,10.96000000000000
1985-02-01,12.78000000000000
1985-03-01,11.34000000000000
1985-04-01,13.33000000000000
1985-05-01,12.81000000000000
1985-06-01,12.77000000000000
1985-07-01,11.75000000000000
1985-08-01,12.12000000000000
1985-09-01,11.90000000000000
1985-10-01,11.30000000000000
1985-11-01,11.81000000000000
1985-12-01,12.17000000000000
1986-01-01,13.37000000000000
1986-02-01,13.50000000000000
1986-03-01,13.49000000000000
1986-04-01,14.01000000000000
1986-05-01,21.78000000000000
1986-06-01,14.40000000000000
1986-07-01,14.48000000000000
1986-08-01,14.33000000000000
1986-09-01,14.37000000000000
1986-10-01,14.51000000000000
1986-11-01,14.33000000000000
1986-12-01,17.97000000000000
1987-01-01,15.75000000000000
1987-02-01,14.60000000000000
1987-03-01,14.20000000000000
1987-04-01,14.35000000000000
1987-05-01,14.20000000000000
1987-06-01,14.27000000000000
1987-07-01,14.13000000000000
1987-08-01,14.03000000000000
1987-09-01,14.04000000000000
1987-10-01,13.73000000000000
1987-11-01,13.97000000000000
1987-12-01,14.21000000000000
1988-01-01,13.85000000000000
1988-02-01,13.89000000000000
1988-03-01,13.93000000000000
1988-04-01,14.02000000000000
1988-05-01,13.56000000000000
1988-06-01,13.14000000000000
1988-07-01,12.98000000000000
1988-08-01,12.57000000000000
1988-09-01,12.81000000000000
1988-10-01,12.74000000000000
1988-11-01,13.12000000000000
1988-12-01,12.09000000000000
1989-01-01,11.68000000000000
1989-02-01,11.41000000000000
1989-03-01,11.39000000000000
1989-04-01,11.46000000000000
1989-05-01,11.05000000000000
1989-06-01,10.71000000000000
1989-07-01,11.19000000000000
1989-08-01,10.61000000000000
1989-09-01,11.15000000000000
1989-10-01,11.18000000000000
1989-11-01,11.39000000000000
1989-12-01,12.42000000000000
1990-01-01,11.52000000000000
1990-02-01,11.28000000000000
1990-03-01,12.62000000000000
1990-04-01,11.97000000000000
1990-05-01,11.56000000000000
1990-06-01,11.49000000000000
1990-07-01,11.35000000000000
1990-08-01,10.21000000000000
1990-09-01,10.89000000000000
1990-10-01,11.44000000000000
1990-11-01,11.44000000000000
1990-12-01,11.53000000000000
1991-01-01,11.26000000000000
1991-02-01,10.95000000000000
1991-03-01,10.51000000000000
1991-04-01,10.37000000000000
1991-05-01,10.74000000000000
1991-06-01,11.63000000000000
1991-07-01,10.27000000000000
1991-08-01,9.40000000000000
1991-09-01,10.59000000000000
1991-10-01,10.63000000000000
1991-11-01,9.77000000000000
1991-12-01,11.00000000000000
1992-01-01,11.29000000000000
1992-02-01,10.35000000000000
1992-03-01,10.12000000000000
1992-04-01,11.08000000000000
1992-05-01,10.61000000000000
1992-06-01,10.22000000000000
1992-07-01,10.36000000000000
1992-08-01,11.08000000000000
1992-09-01,31.72000000000000
1992-10-01,15.32000000000000
1992-11-01,10.84000000000000
1992-12-01,22.94000000000000
1993-01-01,11.49000000000000
1993-02-01,9.73000000000000
1993-03-01,8.82000000000000
1993-04-01,8.87000000000000
1993-05-01,8.21000000000000
1993-06-01,7.40000000000000
1993-07-01,6.65000000000000
1993-08-01,6.53000000000000
1993-09-01,6.29000000000000
1993-10-01,6.55000000000000
1993-11-01,5.47000000000000
1993-12-01,6.42000000000000
1994-01-01,5.36000000000000
1994-02-01,5.15000000000000
1994-03-01,5.37000000000000
1994-04-01,5.47000000000000
1994-05-01,5.54000000000000
1994-06-01,4.98000000000000
1994-07-01,5.24000000000000
1994-08-01,5.19000000000000
1994-09-01,5.62000000000000
1994-10-01,5.81000000000000
1994-11-01,6.16000000000000
1994-12-01,6.58000000000000
1995-01-01,5.33000000000000
1995-02-01,5.02000000000000
1995-03-01,4.99000000000000
1995-04-01,5.66000000000000
1995-05-01,6.35000000000000
1995-06-01,5.96000000000000
1995-07-01,5.47000000000000
1995-08-01,5.21000000000000
1995-09-01,5.60000000000000
1995-10-01,5.51000000000000
1995-11-01,5.37000000000000
1995-12-01,6.65000000000000
1996-01-01,6.49000000000000
1996-02-01,5.48000000000000
1996-03-01,5.16000000000000
1996-04-01,5.17000000000000
1996-05-01,5.08000000000000
1996-06-01,4.98000000000000
1996-07-01,4.86000000000000
1996-08-01,4.91000000000000
1996-09-01,4.95000000000000
1996-10-01,5.03000000000000
1996-11-01,4.41000000000000
1996-12-01,4.15000000000000
1997-01-01,3.74000000000000
1997-02-01,3.67000000000000
1997-03-01,3.48000000000000
1997-04-01,3.51000000000000
1997-05-01,3.54000000000000
1997-06-01,3.50000000000000
1997-07-01,3.76000000000000
1997-08-01,3.75000000000000
1997-09-01,3.70000000000000
1997-10-01,3.82000000000000
1997-11-01,3.75000000000000
1997-12-01,3.69000000000000
1998-01-01,3.85000000000000
1998-02-01,3.81000000000000
1998-03-01,4.01000000000000
1998-04-01,3.98000000000000
1998-05-01,4.20000000000000
1998-06-01,4.65000000000000
1998-07-01,5.33000000000000
1998-08-01,6.41000000000000
1998-09-01,8.23000000000000
1998-10-01,8.32000000000000
1998-11-01,8.43000000000000
1998-12-01,8.83000000000000
1999-01-01,8.80000000000000
1999-02-01,8.16000000000000
1999-03-01,7.73000000000000
1999-04-01,7.64000000000000
1999-05-01,7.23000000000000
1999-06-01,6.99000000000000
1999-07-01,6.63000000000000
1999-08-01,6.56000000000000
1999-09-01,6.34000000000000
1999-10-01,5.92000000000000
1999-11-01,5.82000000000000
1999-12-01,5.92000000000000
2000-01-01,5.84000000000000
2000-02-01,5.92000000000000
2000-03-01,5.87000000000000
2000-04-01,6.11000000000000
2000-05-01,6.20000000000000
2000-06-01,6.45000000000000
2000-07-01,6.55000000000000
2000-08-01,6.87000000000000
2000-09-01,7.08000000000000
2000-10-01,7.39000000000000
2000-11-01,7.32000000000000
2000-12-01,7.62000000000000
2001-01-01,7.37000000000000
2001-02-01,7.31000000000000
2001-03-01,7.34000000000000
2001-04-01,7.73000000000000
2001-05-01,7.36000000000000
2001-06-01,7.37000000000000
2001-07-01,7.30000000000000
2001-08-01,7.16000000000000
2001-09-01,7.30000000000000
2001-10-01,7.31000000000000
2001-11-01,7.15000000000000
2001-12-01,7.11000000000000
2002-01-01,6.70000000000000
2002-02-01,6.76000000000000
2002-03-01,6.74000000000000
2002-04-01,6.83000000000000
2002-05-01,6.78000000000000
2002-06-01,6.85000000000000
2002-07-01,7.19000000000000
2002-08-01,7.23000000000000
2002-09-01,7.21000000000000
2002-10-01,7.25000000000000
2002-11-01,7.21000000000000
2002-12-01,7.01000000000000
2003-01-01,6.59000000000000
2003-02-01,6.19000000000000
2003-03-01,5.78000000000000
2003-04-01,5.78000000000000
2003-05-01,5.35000000000000
2003-06-01,5.07000000000000
2003-07-01,4.25000000000000
2003-08-01,3.71000000000000
2003-09-01,3.11000000000000
2003-10-01,3.02000000000000
2003-11-01,2.87000000000000
2003-12-01,2.84000000000000
2004-01-01,2.52000000000000
2004-02-01,2.34000000000000
2004-03-01,2.14000000000000
2004-04-01,2.16000000000000
2004-05-01,2.14000000000000
2004-06-01,2.19000000000000
2004-07-01,2.15000000000000
2004-08-01,2.14000000000000
2004-09-01,2.07000000000000
2004-10-01,2.11000000000000
2004-11-01,2.07000000000000
2004-12-01,2.06000000000000
2005-01-01,2.02000000000000
2005-02-01,2.01000000000000
2005-03-01,2.06000000000000
2005-04-01,2.13000000000000
2005-05-01,2.08000000000000
2005-06-01,2.11000000000000
2005-07-01,2.29000000000000
2005-08-01,2.24000000000000
2005-09-01,2.31000000000000
2005-10-01,2.42000000000000
2005-11-01,2.62000000000000
2005-12-01,2.63000000000000
2006-01-01,2.55000000000000
2006-02-01,2.53000000000000
2006-03-01,2.65000000000000
2006-04-01,3.01000000000000
2006-05-01,2.96000000000000
2006-06-01,3.15000000000000
2006-07-01,3.09000000000000
2006-08-01,3.21000000000000
2006-09-01,3.32000000000000
2006-10-01,3.42000000000000
2006-11-01,3.62000000000000
2006-12-01,3.78000000000000
2007-01-01,3.92000000000000
2007-02-01,4.13000000000000
2007-03-01,4.27000000000000
2007-04-01,4.37000000000000
2007-05-01,4.37000000000000
2007-06-01,4.60000000000000
2007-07-01,4.85000000000000
2007-08-01,4.99000000000000
2007-09-01,5.15000000000000
2007-10-01,5.48000000000000
2007-11-01,5.39000000000000
2007-12-01,5.54000000000000
2008-01-01,5.58000000000000
2008-02-01,5.70000000000000
2008-03-01,5.77000000000000
2008-04-01,5.97000000000000
2008-05-01,6.14000000000000
2008-06-01,5.99000000000000
2008-07-01,6.08000000000000
2008-08-01,6.11000000000000
2008-09-01,6.26000000000000
2008-10-01,6.72000000000000
2008-11-01,5.09000000000000
2008-12-01,4.76000000000000
2009-01-01,3.48000000000000
2009-02-01,3.03000000000000
2009-03-01,2.69000000000000
2009-04-01,2.52000000000000
2009-05-01,1.87000000000000
2009-06-01,1.75000000000000
2009-07-01,1.53000000000000
2009-08-01,1.51000000000000
2009-09-01,1.47000000000000
2009-10-01,1.54000000000000
2009-11-01,1.74000000000000
2009-12-01,1.83000000000000
2010-01-01,1.95000000000000
2010-02-01,1.98000000000000
2010-03-01,1.96000000000000
2010-04-01,2.02000000000000
2010-05-01,2.09000000000000
2010-06-01,2.28000000000000
2010-07-01,2.34000000000000
2010-08-01,2.31000000000000
2010-09-01,2.30000000000000
2010-10-01,2.26000000000000
2010-11-01,2.25000000000000
2010-12-01,2.08000000000000
2011-01-01,2.17000000000000
2011-02-01,2.22000000000000
2011-03-01,2.22000000000000
2011-04-01,2.24000000000000
2011-05-01,2.44000000000000
2011-06-01,2.56000000000000
2011-07-01,2.44000000000000
2011-08-01,2.42000000000000
2011-09-01,2.69000000000000
2011-10-01,2.24000000000000
2011-11-01,2.25000000000000
2011-12-01,1.98000000000000
2012-01-01,1.73000000000000
2012-02-01,1.73000000000000
2012-03-01,1.61000000000000
2012-04-01,1.48000000000000
2012-05-01,1.49000000000000
2012-06-01,1.56000000000000
2012-07-01,1.48000000000000
2012-08-01,1.49000000000000
2012-09-01,1.49000000000000
2012-10-01,1.49000000000000
2012-11-01,1.49000000000000
2012-12-01,1.54000000000000
2013-01-01,1.48000000000000
2013-02-01,1.49000000000000
2013-03-01,1.55000000000000
2013-04-01,1.50000000000000
2013-05-01,1.50000000000000
2013-06-01,1.48000000000000
2013-07-01,1.48000000000000
2013-08-01,1.48000000000000
2013-09-01,1.50000000000000
2013-10-01,1.48000000000000
2013-11-01,1.49000000000000
2013-12-01,1.55000000000000
2014-01-01,1.48000000000000
2014-02-01,1.49000000000000
2014-03-01,1.48000000000000
2014-04-01,1.49000000000000
2014-05-01,1.49000000000000
2014-06-01,1.49000000000000
2014-07-01,1.49000000000000
2014-08-01,1.49000000000000
2014-09-01,1.50000000000000
2014-10-01,1.49000000000000
2014-11-01,1.49000000000000
2014-12-01,1.35000000000000
2015-01-01,1.24000000000000
2015-02-01,1.24000000000000
2015-03-01,1.28000000000000
2015-04-01,1.24000000000000
2015-05-01,1.25000000000000
2015-06-01,1.15000000000000
2015-07-01,0.98000000000000
2015-08-01,0.99000000000000
2015-09-01,0.94000000000000
2015-10-01,0.74000000000000
2015-11-01,0.74000000000000
2015-12-01,0.81000000000000
2016-01-01,0.74000000000000
2016-02-01,0.74000000000000
2016-03-01,0.67000000000000
2016-04-01,0.49000000000000
2016-05-01,0.49000000000000
2016-06-01,0.49000000000000
2016-07-01,0.49000000000000
2016-08-01,0.50000000000000
2016-09-01,0.57000000000000
2016-10-01,0.49000000000000
2016-11-01,0.50000000000000
2016-12-01,0.51000000000000
2017-01-01,0.49000000000000
2017-02-01,0.49000000000000
2017-03-01,0.49000000000000
2017-04-01,0.49000000000000
2017-05-01,0.49000000000000
2017-06-01,0.49000000000000
2017-07-01,0.50000000000000
2017-08-01,0.49000000000000
2017-09-01,0.51000000000000
2017-10-01,0.49000000000000
2017-11-01,0.49000000000000
2017-12-01,0.49000000000000
2018-01-01,0.49000000000000
2018-02-01,0.49000000000000
2018-03-01,0.49000000000000
2018-04-01,0.50000000000000
2018-05-01,0.49000000000000
2018-06-01,0.50000000000000
2018-07-01,0.50000000000000
2018-08-01,0.49000000000000
2018-09-01,0.59000000000000
2018-10-01,0.74000000000000
2018-11-01,0.75000000000000
2018-12-01,0.91000000000000
2019-01-01,0.74000000000000
2019-02-01,0.75000000000000
2019-03-01,0.85000000000000
2019-04-01,1.00000000000000
2019-05-01,1.00000000000000
2019-06-01,1.18000000000000
2019-07-01,1.25000000000000
2019-08-01,1.25000000000000
2019-09-01,1.35000000000000
2019-10-01,1.50000000000000
2019-11-01,1.50000000000000
2019-12-01,1.53000000000000
2020-01-01,1.49000000000000
2020-02-01,1.49000000000000
2020-03-01,0.98000000000000
2020-04-01,0.24000000000000
2020-05-01,0.05000000000000
2020-06-01,0.00000000000000
2020-07-01,0.00000000000000
2020-08-01,-0.01000000000000
2020-09-01,0.00000000000000
2020-10-01,0.00000000000000
2020-11-01,0.00000000000000
2020-12-01,0.00000000000000
2021-01-01,0.00000000000000
2021-02-01,0.00000000000000
2021-03-01,0.00000000000000
2021-04-01,0.00000000000000
2021-05-01,0.00000000000000
2021-06-01,0.00000000000000
2021-07-01,0.00000000000000
2021-08-01,0.00000000000000
2021-09-01,0.06000000000000
2021-10-01,0.25000000000000
2021-11-01,0.25000000000000
2021-12-01,0.36000000000000
2022-01-01,0.50000000000000
2022-02-01,0.50000000000000
2022-03-01,0.55000000000000
2022-04-01,0.75000000000000
2022-05-01,0.75000000000000
2022-06-01,0.87000000000000
2022-07-01,1.25000000000000
2022-08-01,1.45000000000000
2022-09-01,1.89000000000000
2022-10-01,2.25000000000000
2022-11-01,2.47000000000000
2022-12-01,2.75000000000000
2023-01-01,2.75000000000000
2023-02-01,2.75000000000000
2023-03-01,2.88636363636364
2023-04-01,3.00000000000000
2023-05-01,3.25000000000000
2023-06-01,3.85500000000000
2023-07-01,3.75000000000000
2023-08-01,4.00000000000000
2023-09-01,4.25166666666667
2023-10-01,4.25000000000000
2023-11-01,4.25000000000000
2023-12-01,4.45454545454545
2024-01-01,4.50000000000000
2024-02-01,4.50000000000000
2024-03-01,4.50000000000000
2024-04-01,4.50000000000000
2024-05-01,4.50000000000000
2024-06-01,4.50000000000000
2024-07-01,4.50000000000000
2024-08-01,4.50000000000000
2024-09-01,4.50000000000000
2024-10-01,4.50000000000000
2024-11-01,4.50000000000000
2024-12-01,4.50000000000000
2025-01-01,4.50000000000000
2025-02-01,4.50000000000000
2025-03-01,4.50000000000000
2025-04-01,4.49842105263158
2025-05-01,4.50000000000000
2025-06-01,4.41250000000000
2025-07-01,4.25000000000000
2025-08-01,4.25000000000000
2025-09-01,4.15909090909091
2025-10-01,4.00000000000000
2025-11-01,4.00000000000000
2025-12-01,4.00000000000000
2026-01-01,4.00000000000000
2026-02-01,4.00000000000000
2026-03-01,4.00000000000000
2026-04-01,4.00000000000000
2026-05-01,4.19444444444444
2026-06-01,4.25000000000000
